SourceFlowName,SourceUnit,MatchCondition,TargetFlowName,TargetUnit,Mapper,Map method,Verifier,Note,LastUpdated
Carbon dioxide,kg,=,Carbon dioxide,kg,BLM,Name,,,11/4/2024
"Methane, non-fossil",kg,=,Methane,kg,BLM,CAS,,,11/4/2024
"Methane, fossil",kg,=,Methane,kg,BLM,CAS,,,11/4/2024
Nitrous oxide,kg,=,Nitrous oxide,kg,BLM,Name,,,11/4/2024
Ethane,kg,=,Ethane,kg,BLM,Name,,,11/4/2024
Ethene,kg,=,Ethylene,kg,BLM,CAS,,,11/4/2024
Acetylene,kg,=,Acetylene,kg,BLM,Name,,,11/4/2024
Propene  ,kg,=,Propylene,kg,BLM,CAS,,,11/4/2024
"Propane, R-290",kg,=,Propane,kg,BLM,CAS,,,11/4/2024
n-butane,kg,=,Butane,kg,BLM,CAS,,,11/4/2024
"Isobutane, R-600a",kg,=,Isobutane,kg,BLM,CAS,,,11/4/2024
Isobutene,kg,=,Isobutene,kg,BLM,Name,,,11/4/2024
n-pentane,kg,=,Pentane,kg,BLM,CAS,,,11/4/2024
Isopentane,kg,=,2-Methylbutane,kg,BLM,CAS,,,11/4/2024
Cyclopentane,kg,=,Cyclopentane,kg,BLM,Name,,,11/4/2024
Benzene,kg,=,Benzene,kg,BLM,Name,,,11/4/2024
Toluene,kg,=,Toluene,kg,BLM,Name,,,11/4/2024
Formaldehyde,kg,=,Formaldehyde,kg,BLM,Name,,,11/4/2024
Ethanol,kg,=,Ethanol,kg,BLM,Name,,,11/4/2024
Acetaldehyde,kg,=,Acetaldehyde,kg,BLM,Name,,,11/4/2024
Methyl formate  ,kg,=,Methyl formate,kg,BLM,CAS,,,11/4/2024
Acetone,kg,=,Acetone,kg,BLM,Name,,,11/4/2024
Isopropanol,kg,=,Isopropanol,kg,BLM,Name,,,11/4/2024
Methylal,kg,=,Dimethoxymethane,kg,BLM,CAS,,,11/4/2024
CFC-11,kg,=,CFC-11,kg,BLM,Name,,,11/4/2024
CFC-12,kg,=,CFC-12,kg,BLM,Name,,,11/4/2024
CFC-13,kg,=,CFC-13,kg,BLM,Name,,,11/4/2024
CFC-112,kg,=,CFC-112,kg,BLM,Name,,,11/4/2024
CFC-112a,kg,,,,,,,,
CFC-113,kg,=,CFC-113,kg,BLM,Name,,,11/4/2024
CFC-113a,kg,=,CFC-113a,kg,BLM,Name,,,11/4/2024
CFC-114,kg,=,CFC-114,kg,BLM,Name,,,11/4/2024
CFC-114a,kg,=,CFC-114a,kg,BLM,Name,,,11/4/2024
CFC-115,kg,=,CFC-115,kg,BLM,Name,,,11/4/2024
CFC-216ba,kg,=,CFC-216ba,kg,BLM,Name,,,11/4/2024
CFC-216ca,kg,,,,,,,,
"(E)-R316c ((E)-1,2-dichlorohexafluoro-cyclobutane)",kg,,,,,,,,
"(Z)-R316c ((Z)-1,2-dichlorohexafluoro-cyclobutane)",kg,,,,,,,,
"1,2,3,4-Tetrachlorohexafluorobutane (TCHFB)",kg,,,,,,,,
HCFC-21,kg,=,HCFC-21,kg,BLM,Name,,,11/4/2024
HCFC-22,kg,=,HCFC-22,kg,BLM,Name,,,11/4/2024
HCFC-31,kg,=,HCFC-31,kg,BLM,Name,,,11/4/2024
HCFC-121,kg,=,HCFC-121,kg,BLM,Name,,,11/4/2024
HCFC-121a,kg,=,HCFC-121a,kg,BLM,Name,,,11/4/2024
HCFC-122,kg,=,HCFC-122,kg,BLM,Name,,,11/4/2024
HCFC-122a,kg,=,HCFC-122a,kg,BLM,Name,,,11/4/2024
HCFC-122b,kg,,,,,,,,
HCFC-123,kg,=,HCFC-123,kg,BLM,Name,,,11/4/2024
HCFC-123a,kg,=,HCFC-123a,kg,BLM,Name,,,11/4/2024
HCFC-123b,kg,=,HCFC-123b,kg,BLM,Name,,,11/4/2024
HCFC-124,kg,=,HCFC-124,kg,BLM,Name,,,11/4/2024
HCFC-124a,kg,=,HCFC-124a,kg,BLM,Name,,,11/4/2024
HCFC-131,kg,=,HCFC-131,kg,BLM,Name,,,11/4/2024
HCFC-131a,kg,,,,,,,,
HCFC-131b,kg,,,,,,,,
HCFC-132,kg,=,HCFC-132,kg,BLM,Name,,,11/4/2024
HCFC-132a,kg,,,,,,,,
HCFC-132b,kg,=,HCFC-132b,kg,BLM,Name,,,11/4/2024
HCFC-132c,kg,=,"Ethane, 1,1-dichloro-1,2-difluoro-",kg,BLM,CAS,,,11/4/2024
HCFC-133,kg,,,,,,,,
HCFC-133a,kg,=,HCFC-133a,kg,BLM,Name,,,11/4/2024
HCFC-133b,kg,,,,,,,,
HCFC-141,kg,=,"Ethane, 1,2-dichloro-1-fluoro-",kg,BLM,CAS,,,11/4/2024
HCFC-141a,kg,,,,,,,,
HCFC-141b,kg,=,HCFC-141b,kg,BLM,Name,,,11/4/2024
HCFC-142,kg,,,,,,,,
HCFC-142a,kg,,,,,,,,
HCFC-142b,kg,=,HCFC-142b,kg,BLM,Name,,,11/4/2024
HCFC-151,kg,,,,,,,,
HCFC-151a,kg,,,,,,,,
HCFC-221aa,kg,,,,,,,,
HCFC-221ab,kg,=,"1,1,1,2,2,3-hexachloro-3-fluoropropane",kg,BLM,CAS,,,11/4/2024
HCFC-221ba,kg,,,,,,,,
HCFC-221da,kg,,,,,,,,
HCFC-221ea,kg,,,,,,,,
HCFC-222aa,kg,,,,,,,,
HCFC-222ab,kg,,,,,,,,
HCFC-222ac,kg,,,,,,,,
HCFC-222ba,kg,,,,,,,,
HCFC-222bb,kg,,,,,,,,
HCFC-222ca,kg,=,HCFC-222ca,kg,BLM,Name,,,11/4/2024
HCFC-222da,kg,,,,,,,,
HCFC-222db,kg,,,,,,,,
HCFC-222ea,kg,,,,,,,,
HCFC-223aa,kg,,,,,,,,
HCFC-223ab,kg,,,,,,,,
HCFC-223ac,kg,,,,,,,,
HCFC-223ba,kg,,,,,,,,
HCFC-223bb,kg,,,,,,,,
HCFC-223bc,kg,,,,,,,,
HCFC-223ca,kg,=,HCFC-223ca,kg,BLM,Name,,,11/4/2024
HCFC-223cb,kg,,,,,,,,
HCFC-223da,kg,,,,,,,,
HCFC-223db,kg,,,,,,,,
HCFC-223ea,kg,,,,,,,,
HCFC-223eb,kg,,,,,,,,
HCFC-224aa,kg,,,,,,,,
HCFC-224ab,kg,,,,,,,,
HCFC-224ba,kg,,,,,,,,
HCFC-224bb,kg,,,,,,,,
HCFC-224bc,kg,,,,,,,,
HCFC-224ca,kg,=,HCFC-224ca,kg,BLM,Name,,,11/4/2024
HCFC-224cb,kg,,,,,,,,
HCFC-224cc,kg,,,,,,,,
HCFC-224da,kg,,,,,,,,
HCFC-224db,kg,,,,,,,,
HCFC-224ea,kg,,,,,,,,
HCFC-224eb,kg,,,,,,,,
HCFC-225aa,kg,,,,,,,,
HCFC-225ba,kg,,,,,,,,
HCFC-225bb,kg,,,,,,,,
HCFC-225ca,kg,=,HCFC-225ca,kg,BLM,Name,,,11/4/2024
HCFC-225cb,kg,=,HCFC-225cb,kg,BLM,Name,,,11/4/2024
HCFC-225cc,kg,,,,,,,,
HCFC-225da,kg,,,,,,,,
HCFC-225ea,kg,,,,,,,,
HCFC-225eb,kg,,,,,,,,
HCFC-226ba,kg,,,,,,,,
HCFC-226ca,kg,,,,,,,,
HCFC-226cb,kg,=,HCFC-226da,kg,BLM,CAS,,,11/4/2024
HCFC-226da,kg,=,HCFC-226da,kg,BLM,Name,,,11/4/2024
HCFC-226ea,kg,,,,,,,,
HCFC-231aa,kg,,,,,,,,
HCFC-231ab,kg,,,,,,,,
HCFC-231ac,kg,,,,,,,,
HCFC-231ba,kg,,,,,,,,
HCFC-231bb,kg,=,HCFC-231bb,kg,BLM,Name,,,11/4/2024
HCFC-231da,kg,,,,,,,,
HCFC-231db,kg,,,,,,,,
HCFC-231ea,kg,,,,,,,,
HCFC-231fa,kg,,,,,,,,
HCFC-232aa,kg,,,,,,,,
HCFC-232ab,kg,,,,,,,,
HCFC-232ac,kg,,,,,,,,
HCFC-232ad,kg,,,,,,,,
HCFC-232ba,kg,,,,,,,,
HCFC-232bb,kg,,,,,,,,
HCFC-232bc,kg,,,,,,,,
HCFC-232ca,kg,,,,,,,,
HCFC-232cb,kg,,,,,,,,
HCFC-232da,kg,,,,,,,,
HCFC-232db,kg,,,,,,,,
HCFC-232dc,kg,,,,,,,,
HCFC-232ea,kg,,,,,,,,
HCFC-232eb,kg,,,,,,,,
HCFC-232fa,kg,,,,,,,,
HCFC-232fb,kg,=,HCFC-232fb,kg,BLM,Name,,,11/4/2024
HCFC-233aa,kg,,,,,,,,
HCFC-233ab,kg,,,,,,,,
HCFC-233ac,kg,,,,,,,,
HCFC-233ba,kg,,,,,,,,
HCFC-233bb,kg,,,,,,,,
HCFC-233bc,kg,,,,,,,,
HCFC-233bd,kg,,,,,,,,
HCFC-233ca,kg,,,,,,,,
HCFC-233cb,kg,,,,,,,,
HCFC-233cc,kg,,,,,,,,
HCFC-233da,kg,,,,,,,,
HCFC-233db,kg,,,,,,,,
HCFC-233dc,kg,,,,,,,,
HCFC-233ea,kg,,,,,,,,
HCFC-233eb,kg,,,,,,,,
HCFC-233ec,kg,,,,,,,,
HCFC-233fa,kg,,,,,,,,
HCFC-233fb,kg,=,HCFC-233fb,kg,BLM,Name,,,11/4/2024
HCFC-234aa,kg,,,,,,,,
HCFC-234ab,kg,,,,,,,,
HCFC-234ba,kg,=,HCFC-234ba,kg,BLM,Name,,,11/4/2024
HCFC-234bb,kg,>,Dichlorotetrafluoropropane,kg,BLM,PubChemCAS ,,,10/24/2024
HCFC-234bc,kg,,,,,,,,
HCFC-234ca,kg,,,,,,,,
HCFC-234cb,kg,,,,,,,,
HCFC-234cc,kg,,,,,,,,
HCFC-234cd,kg,,,,,,,,
HCFC-234da,kg,,,,,,,,
HCFC-234db,kg,,,,,,,,
HCFC-234ea,kg,,,,,,,,
HCFC-234eb,kg,,,,,,,,
HCFC-234ec,kg,,,,,,,,
HCFC-234fa,kg,,,,,,,,
HCFC-234fb,kg,,,,,,,,
HCFC-235ba,kg,,,,,,,,
HCFC-235bb,kg,,,,,,,,
HCFC-235ca,kg,,,,,,,,
HCFC-235cb,kg,,,,,,,,
HCFC-235cc,kg,,,,,,,,
HCFC-235da,kg,,,,,,,,
HCFC-235ea,kg,,,,,,,,
HCFC-235eb,kg,,,,,,,,
HCFC-235fa,kg,,,,,,,,
HCFC-241aa,kg,,,,,,,,
HCFC-241ab,kg,,,,,,,,
HCFC-241ac,kg,,,,,,,,
HCFC-241ba,kg,,,,,,,,
HCFC-241bb,kg,,,,,,,,
HCFC-241da,kg,,,,,,,,
HCFC-241db,kg,=,HCFC-241db,kg,BLM,Name,,,11/4/2024
HCFC-241dc,kg,,,,,,,,
HCFC-241ea,kg,,,,,,,,
HCFC-241eb,kg,,,,,,,,
HCFC-241fa,kg,,,,,,,,
HCFC-241fb,kg,,,,,,,,
HCFC-242aa,kg,,,,,,,,
HCFC-242ab,kg,,,,,,,,
HCFC-242ac,kg,,,,,,,,
HCFC-242ba,kg,,,,,,,,
HCFC-242bb,kg,,,,,,,,
HCFC-242bc,kg,,,,,,,,
HCFC-242ca,kg,,,,,,,,
HCFC-242cb,kg,,,,,,,,
HCFC-242da,kg,,,,,,,,
HCFC-242db,kg,,,,,,,,
HCFC-242dc,kg,,,,,,,,
HCFC-242dd,kg,,,,,,,,
HCFC-242ea,kg,,,,,,,,
HCFC-242eb,kg,,,,,,,,
HCFC-242ec,kg,,,,,,,,
HCFC-242fa,kg,=,HCFC-242fa,kg,BLM,Name,,,11/4/2024
HCFC-242fb,kg,,,,,,,,
HCFC-242fc,kg,,,,,,,,
HCFC-243aa,kg,,,,,,,,
HCFC-243ab,kg,,,,,,,,
HCFC-243ba,kg,,,,,,,,
HCFC-243bb,kg,,,,,,,,
HCFC-243bc,kg,,,,,,,,
HCFC-243ca,kg,,,,,,,,
HCFC-243cb,kg,,,,,,,,
HCFC-243cc,kg,,,,,,,,
HCFC-243da,kg,,,,,,,,
HCFC-243db,kg,,,,,,,,
HCFC-243dc,kg,,,,,,,,
HCFC-243ea,kg,,,,,,,,
HCFC-243eb,kg,,,,,,,,
HCFC-243ec,kg,,,,,,,,
HCFC-243ed,kg,,,,,,,,
HCFC-243fa,kg,=,HCFC-243fa,kg,BLM,Name,,,11/4/2024
HCFC-243fb,kg,,,,,,,,
HCFC-243fc,kg,,,,,,,,
HCFC-244ba,kg,,,,,,,,
HCFC-244bb,kg,>,HCFC-244,kg,BLM,PubChemCAS ,,,10/24/2024
HCFC-244ca,kg,,,,,,,,
HCFC-244cb,kg,,,,,,,,
HCFC-244cc,kg,,,,,,,,
HCFC-244da,kg,,,,,,,,
HCFC-244db,kg,,,,,,,,
HCFC-244ea,kg,,,,,,,,
HCFC-244eb,kg,,,,,,,,
HCFC-244ec,kg,,,,,,,,
HCFC-244fa,kg,,,,,,,,
HCFC-244fb,kg,,,,,,,,
HCFC-251aa,kg,,,,,,,,
HCFC-251ab,kg,,,,,,,,
HCFC-251ba,kg,,,,,,,,
HCFC-251bb,kg,,,,,,,,
HCFC-251da,kg,,,,,,,,
HCFC-251db,kg,,,,,,,,
HCFC-251dc,kg,=,HCFC-251dc,kg,BLM,Name,,,11/4/2024
HCFC-251ea,kg,,,,,,,,
HCFC-251eb,kg,,,,,,,,
HCFC-251fa,kg,,,,,,,,
HCFC-251fb,kg,,,,,,,,
HCFC-251fc,kg,,,,,,,,
HCFC-252aa,kg,,,,,,,,
HCFC-252ab,kg,,,,,,,,
HCFC-252ba,kg,,,,,,,,
HCFC-252bb,kg,,,,,,,,
HCFC-252ca,kg,,,,,,,,
HCFC-252cb,kg,,,,,,,,
HCFC-252da,kg,,,,,,,,
HCFC-252db,kg,,,,,,,,
HCFC-252dc,kg,,,,,,,,
HCFC-252ea,kg,,,,,,,,
HCFC-252eb,kg,,,,,,,,
HCFC-252ec,kg,,,,,,,,
HCFC-252fa,kg,,,,,,,,
HCFC-252fb,kg,,,,,,,,
HCFC-252fc,kg,=,HCFC-252fc,kg,BLM,Name,,,11/4/2024
HCFC-252fd,kg,,,,,,,,
HCFC-253ba,kg,,,,,,,,
HCFC-253bb,kg,,,,,,,,
HCFC-253ca,kg,,,,,,,,
HCFC-253cb,kg,,,,,,,,
HCFC-253da,kg,,,,,,,,
HCFC-253db,kg,,,,,,,,
HCFC-253ea,kg,,,,,,,,
HCFC-253eb,kg,,,,,,,,
HCFC-253ec,kg,,,,,,,,
HCFC-253fa,kg,,,,,,,,
HCFC-253fb,kg,=,HCFC-253fb,kg,BLM,Name,,,11/4/2024
HCFC-253fc,kg,,,,,,,,
HCFC-261aa,kg,,,,,,,,
HCFC-261ba,kg,=,HCFC-261ba,kg,BLM,Name,,,11/4/2024
HCFC-261da,kg,,,,,,,,
HCFC-261db,kg,,,,,,,,
HCFC-261ea,kg,,,,,,,,
HCFC-261eb,kg,,,,,,,,
HCFC-261fa,kg,,,,,,,,
HCFC-261fb,kg,,,,,,,,
HCFC-261fc,kg,,,,,,,,
HCFC-262ba,kg,,,,,,,,
HCFC-262ca,kg,,,,,,,,
HCFC-262da,kg,,,,,,,,
HCFC-262db,kg,,,,,,,,
HCFC-262ea,kg,,,,,,,,
HCFC-262eb,kg,,,,,,,,
HCFC-262fa,kg,,,,,,,,
HCFC-262fb,kg,,,,,,,,
HCFC-262fc,kg,=,HCFC-262fc,kg,BLM,Name,,,11/4/2024
HCFC-271ba,kg,,,,,,,,
HCFC-271da,kg,,,,,,,,
HCFC-271ea,kg,,,,,,,,
HCFC-271fa,kg,,,,,,,,
HCFC-271fb,kg,=,HCFC-271fb,kg,BLM,Name,,,11/4/2024
HFC-23,kg,=,HFC-23,kg,BLM,Name,,,11/4/2024
HFC-32,kg,=,HFC-32,kg,BLM,Name,,,11/4/2024
HFC-41,kg,=,HFC-41,kg,BLM,Name,,,11/4/2024
HFC-125,kg,=,HFC-125,kg,BLM,Name,,,11/4/2024
HFC-134,kg,=,HFC-134,kg,BLM,Name,,,11/4/2024
HFC-134a,kg,=,HFC-134a,kg,BLM,Name,,,11/4/2024
HFC-143,kg,=,HFC-143,kg,BLM,Name,,,11/4/2024
HFC-143a,kg,=,HFC-143a,kg,BLM,Name,,,11/4/2024
HFC-152,kg,=,HFC-152,kg,BLM,Name,,,11/4/2024
HFC-152a,kg,=,HFC-152a,kg,BLM,Name,,,11/4/2024
HFC-161,kg,=,HFC-161,kg,BLM,Name,,,11/4/2024
HFC-227ca,kg,=,1H-Heptafluoropropane,kg,BLM,CAS,,,11/4/2024
HFC-227ea,kg,=,HFC-227ea,kg,BLM,Name,,,11/4/2024
HFC-236ca,kg,,,,,,,,
HFC-236cb,kg,=,HFC-236cb,kg,BLM,Name,,,11/4/2024
HFC-236ea,kg,=,HFC-236ea,kg,BLM,Name,,,11/4/2024
HFC-236fa,kg,=,HFC-236fa,kg,BLM,Name,,,11/4/2024
HFC-245ca,kg,=,HFC-245ca,kg,BLM,Name,,,11/4/2024
HFC-245cb,kg,=,HFC-245cb,kg,BLM,Name,,,11/4/2024
HFC-245ea,kg,=,HFC-245ea,kg,BLM,Name,,,11/4/2024
HFC-245eb,kg,=,HFC-245eb,kg,BLM,Name,,,11/4/2024
HFC-245fa,kg,=,HFC-245fa,kg,BLM,Name,,,11/4/2024
HFC-254ca,kg,,,,,,,,
HFC-254cb,kg,,,,,,,,
HFC-254ea,kg,,,,,,,,
HFC-254eb,kg,,,,,,,,
HFC-254fa,kg,,,,,,,,
HFC-254fb,kg,,,,,,,,
HFC-263ca,kg,,,,,,,,
HFC-263ea,kg,,,,,,,,
HFC-263eb,kg,,,,,,,,
HFC-263fa,kg,,,,,,,,
HFC-263fb,kg,=,"Propane, 1,1,1-trifluoro-",kg,BLM,CAS,,,11/4/2024
HFC-272ca,kg,=,Dimethyldifluoromethane,kg,BLM,CAS,,,11/4/2024
HFC-272ea,kg,,,,,,,,
HFC-272fa,kg,,,,,,,,
HFC-272fb,kg,,,,,,,,
HFC-281ea,kg,,,,,,,,
HFC-281fa,kg,,,,,,,,
HFC-329p,kg,=,HFC-329p,kg,BLM,Name,,,11/4/2024
HFC-329me,kg,,,,,,,,
HFC-338q,kg,,,,,,,,
HFC-338mce,kg,,,,,,,,
HFC-338mec,kg,,,,,,,,
HFC-338pcc,kg,,,,,,,,
HFC-338mf,kg,,,,,,,,
HFC-338mee,kg,,,,,,,,
HFC-347mcc,kg,,,,,,,,
HFC-347mce,kg,,,,,,,,
HFC-347mec,kg,,,,,,,,
HFC-347pcc,kg,,,,,,,,
HFC-347mcf,kg,,,,,,,,
HFC-347mee,kg,,,,,,,,
HFC-347pce,kg,,,,,,,,
HFC-347mfc,kg,,,,,,,,
HFC-347mef,kg,,,,,,,,
HFC-356mce,kg,,,,,,,,
HFC-356mec,kg,,,,,,,,
HFC-356pcc,kg,,,,,,,,
HFC-356mcf,kg,,,,,,,,
HFC-356mee,kg,,,,,,,,
HFC-356pce,kg,,,,,,,,
HFC-356mfc,kg,,,,,,,,
HFC-356pec,kg,,,,,,,,
HFC-356mef,kg,,,,,,,,
HFC-356mfe,kg,,,,,,,,
HFC-356pcf,kg,,,,,,,,
HFC-356pee,kg,,,,,,,,
HFC-356mff,kg,,,,,,,,
HFC-356qcc,kg,,,,,,,,
HFC-365mcf,kg,,,,,,,,
HFC-365mee,kg,,,,,,,,
HFC-365pce,kg,,,,,,,,
HFC-365pec,kg,,,,,,,,
HFC-365qcc,kg,,,,,,,,
HFC-365mfc,kg,=,HFC-365mfc,kg,BLM,Name,,,11/4/2024
HFC-365mef,kg,,,,,,,,
HFC-365pcf,kg,,,,,,,,
HFC-365mfe,kg,,,,,,,,
HFC-365qee,kg,,,,,,,,
HFC-365pfc,kg,,,,,,,,
HFC-365qce,kg,,,,,,,,
HFC-365mff,kg,,,,,,,,
HFC-365pef,kg,,,,,,,,
HFC-374mef,kg,,,,,,,,
HFC-374mfe,kg,,,,,,,,
HFC-374mff,kg,,,,,,,,
HFC-374pcf,kg,,,,,,,,
HFC-374pee,kg,,,,,,,,
HFC-374pef,kg,,,,,,,,
HFC-374pfc,kg,,,,,,,,
HFC-374pfe,kg,,,,,,,,
HFC-374qce,kg,,,,,,,,
HFC-374qec,kg,,,,,,,,
HFC-374qcf,kg,,,,,,,,
HFC-374qee,kg,,,,,,,,
HFC-374scc,kg,,,,,,,,
HFC-374pff,kg,,,,,,,,
HFC-383m,kg,,,,,,,,
HFC-383pe,kg,,,,,,,,
HFC-383pfe,kg,,,,,,,,
HFC-383pff,kg,,,,,,,,
HFC-383qcf,kg,,,,,,,,
HFC-383qee,kg,,,,,,,,
HFC-383qef,kg,,,,,,,,
HFC-383qfc,kg,,,,,,,,
HFC-383sce,kg,,,,,,,,
HFC-392pff,kg,,,,,,,,
HFC-392qef,kg,,,,,,,,
HFC-392qfe,kg,,,,,,,,
HFC-392qff,kg,,,,,,,,
HFC-392scf,kg,,,,,,,,
HFC-392see,kg,,,,,,,,
HFC-3-10-1q,kg,,,,,,,,
HFC-3-10-1se,kg,,,,,,,,
HFC-b-329my,kg,,,,,,,,
HFC-b-329mz,kg,,,,,,,,
HFC-b-338mz,kg,,,,,,,,
HFC-b-338py,kg,,,,,,,,
HFC-b-338mym,kg,,,,,,,,
HFC-b-347mym,kg,,,,,,,,
HFC-b-347mzm,kg,,,,,,,,
HFC-b-347myp,kg,,,,,,,,
HFC-b-347mzp,kg,,,,,,,,
HFC-b-347pyp,kg,,,,,,,,
HFC-b-356mzm,kg,,,,,,,,
HFC-b-356myp,kg,,,,,,,,
HFC-b-356mzp,kg,,,,,,,,
HFC-b-356myq,kg,,,,,,,,
HFC-b-356pzp,kg,,,,,,,,
HFC-b-356pyp,kg,,,,,,,,
HFC-b-365mzp,kg,,,,,,,,
HFC-b-365myq,kg,,,,,,,,
HFC-b-365pyp,kg,,,,,,,,
HFC-b-365mzq,kg,,,,,,,,
HFC-b-365pzp,kg,,,,,,,,
HFC-b-365pyq,kg,,,,,,,,
HFC-b-374my,kg,,,,,,,,
HFC-b-374mz,kg,,,,,,,,
HFC-b-374py,kg,,,,,,,,
HFC-b-374pzp,kg,,,,,,,,
HFC-b-374qyq,kg,,,,,,,,
HFC-b-374pzq,kg,,,,,,,,
HFC-b-383mz,kg,,,,,,,,
HFC-b-383py,kg,,,,,,,,
HFC-b-383pz,kg,,,,,,,,
HFC-b-383qy,kg,,,,,,,,
HFC-b-383qzq,kg,,,,,,,,
HFC-b-392qy,kg,,,,,,,,
HFC-b-392qz,kg,,,,,,,,
HFC-b-392pz,kg,,,,,,,,
HFC-b-3-10-1q,kg,,,,,,,,
HFC-b-3-10-1sy,kg,,,,,,,,
HFC-43-10mee,kg,=,HFC-4310mee,kg,BLM,CAS Clean match,,,11/4/2024
HFC-458mfcf,kg,,,,,,,,
"1,1,2,2,3,3,4-heptafluorocyclopentane",kg,,,,,,,,
"trans-1H,2H-octafluorocyclopentane",kg,,,,,,,,
1-Fluorohexane,kg,,,,,,,,
Fluorobenzene ,kg,=,Fluorobenzene,kg,BLM,CAS Clean match,,,11/4/2024
HFC-55-10mcff,kg,,,,,,,,
HFC-52-13p,kg,,,,,,,,
"1,1,2,2,3,3-hexafluorocyclopentane",kg,,,,,,,,
HFC-72-17p,kg,,,,,,,,
HFO-1141,kg,=,Vinyl fluoride,kg,BLM,CAS Clean match,,,11/4/2024
"(E)-HFO-1132, (E)-1,2-difluoroethene",kg,,,,,,,,
"(Z)-HFO-1132, (Z)-1,2-difluoroethene",kg,,,,,,,,
HFO-1132a,kg,=,Vinylidene fluoride,kg,BLM,CAS Clean match,,,11/4/2024
HFO-1123,kg,,,,,,,,
HFO-1261yf,kg,,,,,,,,
"HFO-1261zf, 3-fluoro-1-propene",kg,,,,,,,,
HFO-1243zf,kg,=,"3,3,3-Trifluoro-1-propene",kg,BLM,CAS Clean match,,,11/4/2024
(E)-HFO-1234ye,kg,,,,,,,,
(Z)-HFO-1234ye,kg,,,,,,,,
(E)-HFO-1234ze,kg,,,,,,,,
(Z)-HFO-1234ze,kg,=,"1-Propene, 1,3,3,3-tetrafluoro-, (1Z)-",kg,BLM,CAS Clean match,,,11/4/2024
HFO-1234zc,kg,,,,,,,,
HFO-1234yf,kg,=,"1-Propene, 2,3,3,3-tetrafluoro-",kg,BLM,CAS Clean match,,,11/4/2024
HFO-1234yc,kg,,,,,,,,
"3,3,4,4-tetrafluorocyclobutene",kg,,,,,,,,
"2,3,3,4,4-pentafluorocyclobut-1-ene",kg,,,,,,,,
(E)-HFO-1225ye,kg,,,,,,,,
(Z)-HFO-1225ye,kg,=,"1-Propene, 1,2,3,3,3-pentafluoro-, (1Z)-",kg,BLM,CAS Clean match,,,11/4/2024
HFO-1225yc,kg,,,,,,,,
HFO-1225zc,kg,,,,,,,,
HFO-1345zfc,kg,=,HFC-1345zfc,kg,BLM,CAS Clean match,,,11/4/2024
(E)-HFO-1336mzz,kg,,,,,,,,
(Z)-HFO-1336mzz,kg,=,"(Z)-1,1,1,4,4,4-Hexafluoro-2-butene",kg,BLM,CAS Clean match,,,11/4/2024
"3,3,3-trifluoro-2-(trifluoromethyl)-1-propene",kg,,,,,,,,
HFO-1447fz,kg,,,,,,,,
"1,3,3,4,4,5,5-heptafluorocyclopentene",kg,,,,,,,,
(E)-HFO-1438mzz,kg,,,,,,,,
(E)-HFO-1438ezy,kg,,,,,,,,
"3,3,4,4,5,5,6,6,6-nonafluorohex-1-ene",kg,=,"1-Hexene, 3,3,4,4,5,5,6,6,6-nonafluoro-",kg,BLM,CAS Clean match,,,11/4/2024
"3,3,4,4,5,5,6,6,7,7,8,8,8-tridecafluorooct-1-ene (HFO-174-13fz)",kg,,,,,,,,
"3,3,4,4,5,5,6,6,7,7,8,8,9,9,10,10,10-heptadecafluorodec-1-ene (HFO-194-17fz)",kg,,,,,,,,
Methyl chloroform,kg,=,"1,1,1-Trichloroethane",kg,BLM,CAS Clean match,,,11/4/2024
Carbon tetrachloride,kg,=,Carbon tetrachloride,kg,BLM,Name,,,11/4/2024
Methyl chloride,kg,=,Chloromethane,kg,BLM,CAS Clean match,,,11/4/2024
Methylene chloride,kg,=,Methylene chloride,kg,BLM,Name,,,11/4/2024
Chloroform,kg,=,Chloroform,kg,BLM,Name,,,11/4/2024
"1,2-dichloroethane",kg,=,"1,2-dichloroethane",kg,BLM,Name,,,11/4/2024
Chloroethane,kg,=,Chloroethane,kg,BLM,Name,,,11/4/2024
"1,1-dichloroethane",kg,=,"1,1-Dichloroethane",kg,BLM,CAS Clean match,,,11/4/2024
"1,1,2-trichloroethane",kg,=,"1,1,2-Trichloroethane",kg,BLM,CAS Clean match,,,11/4/2024
"1,1,1,2-tetrachloroethane",kg,=,"1,1,1,2-Tetrachloroethane",kg,BLM,CAS Clean match,,,11/4/2024
"1,1,2,2-tetrachloroethane",kg,=,"1,1,2,2-Tetrachloroethane",kg,BLM,CAS Clean match,,,11/4/2024
1-chloropropane,kg,,,,,,,,
2-chloropropane,kg,=,2-chloropropane,kg,BLM,Name,,,11/4/2024
"1,3-dichloropropane",kg,=,"1,3-Dichloropropane",kg,BLM,CAS Clean match,,,11/4/2024
1-chloro-2-methylpropane,kg,,,,,,,,
1-chlorobutane,kg,=,1-Chlorobutane,kg,BLM,CAS Clean match,,,11/4/2024
1-chloropentane,kg,,,,,,,,
Chloroethene (vinyl chloride),kg,=,Vinyl chloride,kg,BLM,CAS Clean match,,,11/4/2024
"1,1-dichloroethene",kg,=,"1,1-Dichloroethylene",kg,BLM,CAS,,,11/4/2024
"(E)-1,2-dichloroethene",kg,=,"trans-1,2-Dichloroethylene",kg,BLM,CAS,,,11/4/2024
"(Z)-1,2-dichloroethene",kg,=,"cis-1,2-Dichloroethylene",kg,BLM,CAS,,,11/4/2024
Trichloroethene,kg,=,Trichloroethylene,kg,BLM,CAS Clean match,,,11/4/2024
Perchloroethene,kg,=,Tetrachloroethylene,kg,BLM,CAS Clean match,,,11/4/2024
3-chloro-1-propene,kg,,,,,,,,
3-chloro-1-propyne,kg,,,,,,,,
"2,3-dichloropropene",kg,=,"2,3-Dichloropropene",kg,BLM,CAS Clean match,,,11/4/2024
"1,2-dichloropropene",kg,=,"1,2-Dichloropropene",kg,BLM,CAS Clean match,,,11/4/2024
"1,3-dichloropropene (E)",kg,=,"trans-1,3-Dichloropropene",kg,BLM,CAS Clean match,,,11/4/2024
"1,3-dichloropropene (Z)",kg,=,"cis-1,3-Dichloropropene",kg,BLM,CAS Clean match,,,11/4/2024
"3,4-dichloro-1-butene",kg,=,"3,4-Dichloro-1-butene",kg,BLM,CAS Clean match,,,11/4/2024
"Hexachloro-1,3-butadiene",kg,=,Hexachlorobutadiene,kg,BLM,CAS Clean match,,,11/4/2024
"Hexachloro-1,3-cyclopentadiene",kg,=,Hexachlorocyclopentadiene,kg,BLM,CAS Clean match,,,11/4/2024
Chlorobenzene,kg,=,Chlorobenzene,kg,BLM,Name,,,11/4/2024
"1,4-dichlorobenzene",kg,=,p-Dichlorobenzene,kg,BLM,CAS Clean match,,,11/4/2024
"1,3-dichlorobenzene",kg,=,m-Dichlorobenzene,kg,BLM,CAS Clean match,,,11/4/2024
"1,2-dichlorobenzene",kg,=,o-Dichlorobenzene,kg,BLM,CAS Clean match,,,11/4/2024
1-chloro-4-methylbenzene,kg,=,p-Chlorotoluene,kg,BLM,CAS Clean match,,,11/4/2024
1-chloro-3-methylbenzene,kg,=,m-Chlorotoluene,kg,BLM,CAS Clean match,,,11/4/2024
1-chloro-2-methylbenzene,kg,=,o-Chlorotoluene,kg,BLM,CAS Clean match,,,11/4/2024
Benzyl chloride,kg,=,Benzyl chloride,kg,BLM,Name,,,11/4/2024
"1,2-dichloro-3-(trichloromethyl)benzene (DCTCB)",kg,,,,,,,,
CFO-1113 Chlorotrifluoroethene,kg,,,,,,,,
"(E)-1,2-fluorochloroethene",kg,,,,,,,,
"(Z)-1,2-fluorochloroethene",kg,,,,,,,,
"1,2-dichloro-1,2-difluoroethylene (E)",kg,,,,,,,,
"1,2-dichloro-1,2-difluoroethylene (Z)",kg,,,,,,,,
"1,1-dichloro-2,2-difluoro-ethene",kg,,,,,,,,
fluorotrichloroethylene,kg,,,,,,,,
"3-chloro-1,1,3-trifluoro propene (E)",kg,,,,,,,,
"3-chloro-1,1,3-trifluoro propene (Z)",kg,,,,,,,,
(E)-HCFO-1233zd,kg,=,"1-Propene, 1-chloro-3,3,3-trifluoro-, (1E)-",kg,BLM,CAS Clean match,,,11/4/2024
(Z)-HCFO-1233zd,kg,,,,,,,,
"3-chloro-1,1,1,3,3-tetrafluoro propene (E)",kg,,,,,,,,
"3-chloro-1,1,1,3,3-tetrafluoro propene (Z)",kg,,,,,,,,
"HCFO-1233xf (2-chloro-3,3,3-fluoro-1-propene)",kg,,,,,,,,
"CFO-1215yc (3-chloro-1,1,2,3,3-fluoro-1-propene)",kg,,,,,,,,
"3,3-dichloro-1,1,1,2-tetrafluoropropene",kg,,,,,,,,
"1,2-dichloro-3,3,3-trifluoropropene (Z)",kg,,,,,,,,
"CFO-1316yff (4,4-dichloro-1,1,2,3,3,4-fluoro-1-butene)",kg,,,,,,,,
p-chlorobenzotrifluoride,kg,=,p-chlorobenzotrifluoride,kg,BLM,Name,,,11/4/2024
Methyl bromide,kg,=,Methyl bromide,kg,BLM,Name,,,11/4/2024
Methylene bromide,kg,=,Dibromomethane,kg,BLM,CAS Clean match,,,11/4/2024
Bromoform,kg,=,Tribromomethane,kg,BLM,CAS Clean match,,,11/4/2024
Halon-1201,kg,=,Bromodifluoromethane,kg,BLM,CAS Clean match,,,11/4/2024
Halon-1202,kg,=,Dibromodifluoromethane,kg,BLM,CAS Clean match,,,11/4/2024
Halon-1211,kg,=,Halon 1211,kg,BLM,CAS Clean match,,,11/4/2024
Halon-1301,kg,=,Halon 1301,kg,BLM,CAS Clean match,,,11/4/2024
Bromochloromethane,kg,=,Halon 1011,kg,BLM,CAS Clean match,,,11/4/2024
Bromodichloromethane,kg,=,Dichlorobromomethane,kg,BLM,CAS,,,11/4/2024
Dibromochloromethane,kg,=,Chlorodibromomethane,kg,BLM,CAS,,,11/4/2024
Bromoethane,kg,=,Bromoethane,kg,BLM,Name,,,11/4/2024
"1,2-dibromoethane",kg,=,Ethylene dibromide,kg,BLM,CAS Clean match,,,11/4/2024
n-bromopropane,kg,=,1-Bromopropane,kg,BLM,CAS Clean match,,,11/4/2024
Iso-bromopropane,kg,,,,,,,,
Halon-2301,kg,=,"2-Bromo-1,1,1-trifluoroethane",kg,BLM,CAS Clean match,,,11/4/2024
Halon-2311 / Halothane,kg,=,Halothane,kg,BLM,CAS Clean match,,,11/4/2024
Halon-2401,kg,=,"2-Bromo-1,1,1,2-tetrafluoroethane",kg,BLM,CAS,,,11/4/2024
Halon-2402 isomer,kg,,,,,,,,
Halon-2402,kg,=,"1,2-Dibromo-1,1,2,2-tetrafluoroethane",kg,BLM,CAS Clean match,,,11/4/2024
Bromoethene,kg,=,Vinyl bromide,kg,BLM,CAS,,,11/4/2024
Bromothrifluoroethene,kg,,,,,,,,
"1-bromo-2,2-fluoroethene",kg,,,,,,,,
3-bromo-1-propene,kg,=,3-Bromopropene,kg,BLM,CAS,,,11/4/2024
"2-bromo-3,3,3-fluoro-1-propene",kg,,,,,,,,
"2-bromo-3,3,4,4,4-fluoro-1-butene",kg,,,,,,,,
"4-bromo-3,3,4,4-fluoro-1-butene",kg,,,,,,,,
Benzyl bromide,kg,,,,,,,,
"4-bromo-3-chloro-3,4,4-trifluoro-1-butene",kg,,,,,,,,
Nitrogen trifluoride,kg,=,Nitrogen trifluoride,kg,BLM,Name,,,11/4/2024
Perfluorotriethylamine,kg,,,,,,,,
Perfluorotripropylamine,kg,,,,,,,,
Perfluorotributylamine,kg,,,,,,,,
Perfluorotripentylamine,kg,,,,,,,,
Sulphur hexafluoride,kg,=,Sulfur hexafluoride,kg,BLM,CAS Clean match,,,11/4/2024
(Trifluoromethyl)sulfur pentafluoride,kg,=,Trifluoromethyl sulfur pentafluoride,kg,BLM,CAS Clean match,,,11/4/2024
PFC-14 (Perfluoromethane),kg,=,Carbon tetrafluoride,kg,BLM,CAS Clean match,,,11/4/2024
PFC-116 (Perfluoroethane),kg,=,Hexafluoroethane,kg,BLM,CAS Clean match,,,11/4/2024
PFC-c216 (Perfluorocyclopropane),kg,=,"Cyclopropane, hexafluoro-",kg,BLM,CAS,,,11/4/2024
PFC-218 (Perfluoropropane),kg,=,Perfluoropropane,kg,BLM,CAS Clean match,,,11/4/2024
PFC-c316 (Perfluorocyclobutene),kg,,,,,,,,
PFC-c318 (Perfluorocyclobutane),kg,=,Perfluorocyclobutane,kg,BLM,CAS,,,11/4/2024
PFC-31-10 (Perfluorobutane),kg,=,Perfluorobutane,kg,BLM,CAS,,,11/4/2024
PFC-c418 (Perfluorocyclopentene),kg,=,Octafluorocyclopentene,kg,BLM,CAS,,,11/4/2024
PFC-41-12 (Perfluoropentane),kg,=,Perfluoropentane,kg,BLM,CAS Clean match,,,11/4/2024
PFC-51-14 (Perfluorohexane),kg,=,Perfluorohexane,kg,BLM,CAS,,,11/4/2024
PFC-61-16 (Perfluoroheptane),kg,=,Perfluoroheptane,kg,BLM,CAS,,,11/4/2024
PFC-71-18 (Perfluorooctane),kg,=,"Octane, octadecafluoro-",kg,BLM,CAS,,,11/4/2024
PFC-91-18 (isomer mixture),kg,=,Perfluorodecalin,kg,BLM,CAS Clean match,,,11/4/2024
PFC-c91-18(Z) (Perfluorodecalin(Z)),kg,=,Perfluorodecalin (trans),kg,BLM,CAS Clean match,,,11/4/2024
PFC-c91-18(E) (Perfluorodecalin(E)),kg,=,Perfluorodecalin (cis),kg,BLM,CAS Clean match,,,11/4/2024
PFC-1114,kg,=,Tetrafluoroethene,kg,BLM,CAS Clean match,,,11/4/2024
PFC-1216,kg,=,Hexafluoropropene,kg,BLM,CAS Clean match,,,11/4/2024
"Perfluorobuta-1,3-diene",kg,=,"Hexafluoro-1,3-butadiene",kg,BLM,CAS Clean match,,,11/4/2024
Perfluorobut-1-ene,kg,=,Perfluorobut-1-ene,kg,BLM,Name,,,11/4/2024
Perfluoroisobutene,kg,,,,,,,,
(E)-Perfluoro-2-butene,kg,=,Perfluorobut-2-ene,kg,BLM,CAS Clean match,,,11/4/2024
(Z)-Perfluoro-2-butene,kg,,,,,,,,
Perfluoro(2-methyl-2-pentene),kg,,,,,,,,
Hexafluorobenzene,kg,=,"Benzene, hexafluoro-",kg,BLM,CAS Clean match,,,11/4/2024
"PFPHP- Perfluoroperhydrophenanthrene (Vitreon, Flutec PP 11)",kg,,,,,,,,
HFE-125,kg,=,"Methane, (difluoromethoxy)trifluoro-",kg,BLM,CAS,,,11/4/2024
HFE-134 (HG-00),kg,=,"Methane, oxybis[difluoro-",kg,BLM,CAS,,,11/4/2024
HFE-143a,kg,=,"Methane, trifluoromethoxy-",kg,BLM,CAS,,,11/4/2024
HFE-152a,kg,=,Difluoro(methoxy)methane,kg,BLM,CAS Clean match,,,11/4/2024
HFE-227ea,kg,=,"Ethane, 1,1,1,2-tetrafluoro-2-(trifluoromethoxy)-",kg,BLM,CAS Clean match,,,11/4/2024
"1,1,2,2-tetrafluoro-1-(trifluoromethoxy)ethane",kg,,,,,,,,
HCFE-235ca2 (enflurane),kg,=,Enflurane,kg,BLM,CAS,,,11/4/2024
HCFE-235da2 (isoflurane),kg,=,Isoflurane,kg,BLM,CAS,,,11/4/2024
HFE-236ca,kg,=,"Ethane, 1-(difluoromethoxy)-1,1,2,2-tetrafluoro-",kg,BLM,CAS,,,11/4/2024
HFE-236ea2 (desflurane),kg,=,"Ethane, 2-(difluoromethoxy)-1,1,1,2-tetrafluoro-, (+-)-",kg,BLM,CAS,,,11/4/2024
HFE-236fa,kg,=,"2,2,2-Trifluoroethyl trifluoromethyl ether",kg,BLM,CAS Clean match,,,11/4/2024
HFE-245cb2,kg,=,"Ethane, 1,1,1,2,2-pentafluoro-2-methoxy-",kg,BLM,CAS Clean match,,,11/4/2024
HFE-245fa1,kg,=,"Ethane, 1,1-difluoro-2-(trifluoromethoxy)-",kg,BLM,CAS Clean match,,,11/4/2024
HFE-245fa2,kg,=,"Ethane, 2-(difluoromethoxy)-1,1,1-trifluoro-",kg,BLM,CAS Clean match,,,11/4/2024
HFE-254cb1,kg,=,"1,1,2,2-Tetrafluoro-1-methoxyethane",kg,BLM,CAS Clean match,,,11/4/2024
HFE-254eb2,kg,,,,,,,,
HFE-263mf,kg,=,"Ethane, 1,1,1-trifluoro-2-methoxy-",kg,BLM,CAS Clean match,,,11/4/2024
HFE-263m1,kg,=,"Ethane, (trifluoromethoxy)-",kg,BLM,CAS Clean match,,,11/4/2024
"1,1,2-trifluoro-2-(trifluoromethoxy)-ethane",kg,=,"1,1,2-trifluoro-2-(trifluoromethoxy)-ethane",kg,BLM,Name,,,11/4/2024
Perfluoro ethyl vinyl ether,kg,,,,,,,,
HFE-329mcc2,kg,=,HFE-329mcc2,kg,BLM,Name,,,11/4/2024
"1,1,1,3,3,3-hexafluoro trifluoromethoxy",kg,,,,,,,,
HFE-338mmz1,kg,=,HFE-338mmz1,kg,BLM,Name,,,11/4/2024
HFE-338mcf2,kg,=,HFE-338mcf2,kg,BLM,Name,,,11/4/2024
HFE-338mec3,kg,,,,,,,,
HFE-347mmz1 (Sevoflurane),kg,=,Sevoflurane,kg,BLM,CAS Clean match,,,11/4/2024
HFE-347mcc3 (HFE-7000),kg,=,"Propane, 1,1,1,2,2,3,3-heptafluoro-3-methoxy-",kg,BLM,CAS Clean match,,,11/4/2024
HFE-347mcf2,kg,=,HFE-347mcf2,kg,BLM,Name,,,11/4/2024
HFE-347pcf2,kg,=,HFE-347pcf2,kg,BLM,Name,,,11/4/2024
HFE-347mmy1,kg,=,HFE-347mmy1,kg,BLM,Name,,,11/4/2024
HFE-347mcf,kg,,,,,,,,
HFE-356mec3,kg,=,HFE-356mec3,kg,BLM,Name,,,11/4/2024
HFE-356mff2,kg,=,HFE-356mff2,kg,BLM,Name,,,11/4/2024
HFE-356pcf2,kg,=,HFE-356pcf2,kg,BLM,Name,,,11/4/2024
HFE-356pcf3,kg,=,HFE-356pcf3,kg,BLM,Name,,,11/4/2024
HFE-356pcc3,kg,=,HFE-356pcc3,kg,BLM,Name,,,11/4/2024
HFE-356mmz1,kg,=,HFE-356mmz1,kg,BLM,Name,,,11/4/2024
HFE-365mcf3,kg,=,HFE-365mcf3,kg,BLM,Name,,,11/4/2024
HFE-365mcf2,kg,=,HFE-365mcf2,kg,BLM,Name,,,11/4/2024
HFE-374pc2 ,kg,,,,,,,,
"1,1,2,2-tetrafluoro-3-methoxypropane",kg,=,"1,1,2,2-Tetrafluoro-3-methoxy-propane",kg,BLM,CAS Clean match,,,11/4/2024
"HFE-43-10pccc124 (H-Galden 1040x, HG-11)",kg,=,HG-30,kg,BLM,CAS,,,11/4/2024
HFE-449s1 (HFE-7100),kg,,,,,,,,
n-HFE-7100,kg,=,"Butane, 1,1,1,2,2,3,3,4,4-nonafluoro-4-methoxy-",kg,BLM,CAS,,,11/4/2024
i-HFE-7100,kg,=,"Propane, 2-(difluoromethoxymethyl)-1,1,1,2,3,3,3-heptafluoro-",kg,BLM,CAS,,,11/4/2024
"1-ethoxy-1,1,2,3,3,3-hexafluoropropane",kg,=,"1-ethoxy-1,1,2,3,3,3-hexafluoropropane",kg,BLM,Name,,,11/4/2024
"1,1,1,2,2,3,3-Heptafluoro-3-(1,2,2,2-tetrafluoroethoxy)-propane",kg,=,"Propane, 1,1,1,2,2,3,3-heptafluoro-3-(1,2,2,2-tetrafluoroethoxy)-",kg,BLM,CAS Clean match,,,11/4/2024
HFE-54-11mecf,kg,,,,,,,,
"HFE-569sf2 (HFE-7200, isomer mix)",kg,,,,,,,,
n-HFE-7200,kg,=,Ethyl nonafluorobutyl ether,kg,BLM,CAS,,,11/4/2024
i-HFE-7200,kg,=,"Propane, 2-(ethoxydifluoromethyl)-1,1,1,2,3,3,3-heptafluoro-",kg,BLM,CAS,,,11/4/2024
n-HFE-7300,kg,,,,,,,,
n-HFE-7500,kg,,,,,,,,
HFE-236ca12 (HG-10),kg,=,"Methane, bis(difluoromethoxy)difluoro-",kg,BLM,CAS Clean match,,,11/4/2024
HFE-338pcc13 (HG-01),kg,=,HFE-338pcc13 (HG-01),kg,BLM,Name,,,11/4/2024
"HG-02 (1,1'-oxybis[2-(difluoromethoxy)-1,1,2,2-tetrafluoroethane)",kg,,,,,,,,
"HG-03 (1,1,3,3,4,4,6,6,7,7,9,9,10,10,12,12-hexadecafluoro-2,5,8,11-tetraoxadodecane)",kg,,,,,,,,
"HG-04 (1,1,3,3,4,4,6,6,7,7,9,9,10,10,12,12,13,13,15,15-eicosafluoro-2,5,8,11,14-pentaoxapentadecane)",kg,,,,,,,,
HG-20,kg,=,HG-20,kg,BLM,Name,,,11/4/2024
HG-21,kg,=,HG-21,kg,BLM,Name,,,11/4/2024
HG-30,kg,=,HG-30,kg,BLM,Name,,,11/4/2024
"1-ethoxy-1,1,2,2,3,3,3-heptafluoropropane",kg,=,"1-ethoxy-1,1,2,2,3,3,3-heptafluoropropane",kg,BLM,Name,,,11/4/2024
Fluoroxene,kg,=,"Ethene, (2,2,2-trifluoroethoxy)-",kg,BLM,CAS,,,11/4/2024
"1,1,2,2-tetrafluoro-1-(fluoromethoxy)ethane",kg,=,"Ethane, 1,1,2,2-tetrafluoro-1-(fluoromethoxy)-",kg,BLM,CAS,,,11/4/2024
"2-ethoxy-3,3,4,4,5-pentafluorotetrahydro-2,5-bis[1,2,2,2-tetrafluoro-1-(trifluoromethyl)ethyl]-furan",kg,=,"2-ethoxy-3,3,4,4,5-pentafluorotetrahydro-2,5-bis[1,2,2,2-tetrafluoro-1-(trifluoromethyl)ethyl]-furan",kg,BLM,Name,,,11/4/2024
Fluoro(methoxy)methane,kg,=,Fluoro(methoxy)methane,kg,BLM,Name,,,11/4/2024
Fluoro(fluoromethoxy)methane,kg,=,Fluoro(fluoromethoxy)methane,kg,BLM,Name,,,11/4/2024
Difluoro(fluoromethoxy)methane,kg,=,Difluoro(fluoromethoxy)methane,kg,BLM,Name,,,11/4/2024
Trifluoro(fluoromethoxy)methane,kg,=,Trifluoro(fluoromethoxy)methane,kg,BLM,Name,,,11/4/2024
HG'-01,kg,=,HG'-01,kg,BLM,Name,,,11/4/2024
HG'-02,kg,=,HG'-02,kg,BLM,Name,,,11/4/2024
HG'-03,kg,=,HG'-03,kg,BLM,Name,,,11/4/2024
HFE-329me3,kg,=,HFE-329me3,kg,BLM,Name,,,11/4/2024
"2-chloro-1,1,2-trifluoro-1-methoxyethane",kg,=,"2-chloro-1,1,2-trifluoro-1-methoxyethane",kg,BLM,Name,,,11/4/2024
Octafluorooxolane,kg,,,,,,,,
PFPMIE (perfluoropolymethylisopropyl ether),kg,,,,,,,,
HFE-216,kg,=,Trifluoro(trifluoromethoxy)ethylene,kg,BLM,CAS,,,11/4/2024
Trifluoromethyl formate,kg,=,Trifluoromethyl formate,kg,BLM,Name,,,11/4/2024
Perfluoroethyl formate,kg,=,Perfluoroethyl formate,kg,BLM,Name,,,11/4/2024
Perfluoropropyl formate,kg,=,Perfluoropropyl formate,kg,BLM,Name,,,11/4/2024
Perfluorobutyl formate,kg,=,Perfluorobutyl formate,kg,BLM,Name,,,11/4/2024
"2,2,2-trifluoroethyl formate",kg,=,"2,2,2-trifluoroethyl formate",kg,BLM,Name,,,11/4/2024
"3,3,3-trifluoropropyl formate",kg,=,"3,3,3-trifluoropropyl formate",kg,BLM,Name,,,11/4/2024
"1,2,2,2-tetrafluoroethyl formate",kg,=,"1,2,2,2-tetrafluoroethyl formate",kg,BLM,Name,,,11/4/2024
"1,1,1,3,3,3-hexafluoropropan-2-yl formate",kg,=,"1,1,1,3,3,3-hexafluoropropan-2-yl formate",kg,BLM,Name,,,11/4/2024
Perfluorobutyl acetate,kg,=,Perfluorobutyl acetate,kg,BLM,Name,,,11/4/2024
Perfluoropropyl acetate,kg,=,Perfluoropropyl acetate,kg,BLM,Name,,,11/4/2024
Perfluoroethyl acetate,kg,=,Perfluoroethyl acetate,kg,BLM,Name,,,11/4/2024
Trifluoromethyl acetate,kg,=,Trifluoromethyl acetate,kg,BLM,Name,,,11/4/2024
Methyl carbonofluoridate,kg,=,Methyl carbonofluoridate,kg,BLM,Name,,,11/4/2024
"1,1-difluoroethyl carbonofluoridate",kg,=,"1,1-difluoroethyl carbonofluoridate",kg,BLM,Name,,,11/4/2024
"1,1-difluoroethyl 2,2,2-trifluoroacetate",kg,=,"1,1-difluoroethyl 2,2,2-trifluoroacetate",kg,BLM,Name,,,11/4/2024
"Ethyl 2,2,2-trifluoroacetate",kg,=,Ethyl trifluoroacetate,kg,BLM,CAS Clean match,,,11/4/2024
"2,2,2-trifluoroethyl 2,2,2-trifluoroacetate",kg,=,"2,2,2-trifluoroethyl 2,2,2-trifluoroacetate",kg,BLM,Name,,,11/4/2024
"Methyl 2,2,2-trifluoroacetate",kg,=,"Acetic acid, trifluoro-, methyl ester",kg,BLM,CAS Clean match,,,11/4/2024
"Methyl 2,2-difluoroacetate",kg,=,"Methyl 2,2-difluoroacetate",kg,BLM,Name,,,11/4/2024
"Difluoromethyl 2,2,2-trifluoroacetate",kg,=,"Difluoromethyl 2,2,2-trifluoroacetate",kg,BLM,Name,,,11/4/2024
"Vinyl 2,2,2-trifluoroacetate",kg,,,,,,,,
"Allyl 2,2,2-trifluoroacetate",kg,,,,,,,,
"3,3,3-trifluoropropan-1-ol",kg,=,"3,3,3-trifluoropropan-1-ol",kg,BLM,Name,,,11/4/2024
"2,2,3,3,3-pentafluoropropan-1-ol",kg,=,"1-Propanol, 2,2,3,3,3-pentafluoro-",kg,BLM,CAS Clean match,,,11/4/2024
"4,4,4-trifluorobutan-1-ol",kg,=,"4,4,4-trifluorobutan-1-ol",kg,BLM,Name,,,11/4/2024
"2,2,3,3,4,4,5,5-octafluorocyclopentanol",kg,,,,,,,,
"1,1,1,3,3,3-hexafluoropropan-2-ol",kg,=,"1,1,1,3,3,3-Hexafluoro-2-propanol",kg,BLM,CAS Clean match,,,11/4/2024
"3,3,4,4,5,5,6,6,7,7,7-undecafluoroheptan-1-ol",kg,=,"3,3,4,4,5,5,6,6,7,7,7-undecafluoroheptan-1-ol",kg,BLM,Name,,,11/4/2024
"3,3,4,4,5,5,6,6,7,7,8,8,9,9,9-pentadecafluorononan-1-ol",kg,=,"3,3,4,4,5,5,6,6,7,7,8,8,9,9,9-pentadecafluorononan-1-ol",kg,BLM,Name,,,11/4/2024
"3,3,4,4,5,5,6,6,7,7,8,8,9,9,10,10,11,11,11-nonadecafluoroundecan-1-ol",kg,=,"3,3,4,4,5,5,6,6,7,7,8,8,9,9,10,10,11,11,11-nonadecafluoroundecan-1-ol",kg,BLM,Name,,,11/4/2024
"2,2,3,3,4,4,4-heptafluorobutan-1-ol",kg,=,"1-Butanol, 2,2,3,3,4,4,4-heptafluoro-",kg,BLM,CAS Clean match,,,11/4/2024
"2,2,3,3-tetrafluoro-1-propanol",kg,=,"1-Propanol, 2,2,3,3-tetrafluoro-",kg,BLM,CAS Clean match,,,11/4/2024
"2,2,3,4,4,4-hexafluoro-1-butanol",kg,=,"1H,1H,3H-Perfluorobutanol",kg,BLM,CAS Clean match,,,11/4/2024
2-fluoroethanol,kg,=,2-fluoroethanol,kg,BLM,Name,,,11/4/2024
"2,2-difluoroethanol",kg,=,"2,2-difluoroethanol",kg,BLM,Name,,,11/4/2024
"2,2,2-trifluoroethanol",kg,=,"2,2,2-trifluoroethanol",kg,BLM,Name,,,11/4/2024
"2,2-3,3,4,4,5,5,5-fluoro-1-pentanol",kg,,,,,,,,
1-fluoropropan-2-one,kg,,,,,,,,
"1,1,1-trifluoropropan-2-one",kg,,,,,,,,
"1,1,1,3,3,3-hexafluoropropan-2-one",kg,,,,,,,,
"1,1,1-trifluorobutan-2-one",kg,,,,,,,,
"NOVEC-1230,  FK-5-1-12 Perfluoro(2-methyl-3-pentanone)",kg,,,,,,,,
"NOVEC-774 (Tetradecafluoro-2,4-dimethylpentan-3-one)",kg,,,,,,,,
Perfluoro(2-methyl-3-hexanone),kg,,,,,,,,
Chloroacetone,kg,=,Chloroacetone,kg,BLM,Name,,,11/4/2024
Bromoacetone,kg,,,,,,,,
Trifluoroacetaldehyde,kg,,,,,,,,
Trifluoroacetyl fluoride,kg,,,,,,,,
Oxalyl fluoride,kg,,,,,,,,
"3,3,3-trifluoro-propanal",kg,=,"Propanal, 3,3,3-trifluoro-",kg,BLM,CAS Clean match,,,11/4/2024
"2,2,3,3,3-pentafluoropropanal",kg,,,,,,,,
Difluoromalonyl fluoride,kg,,,,,,,,
"4,4,4-trifluorobutanal",kg,,,,,,,,
"2,2,3,3,4,4,4-heptafluorobutanal",kg,,,,,,,,
Tetrafluorosuccinyl fluoride,kg,,,,,,,,
"2,2,3,3,4,4,5,5,5-nonafluoropetanal",kg,,,,,,,,
Methyl iodide,kg,=,Methyl iodide,kg,BLM,Name,,,11/4/2024
Bromoiodomethane,kg,,,,,,,,
Chloroiodomethane,kg,,,,,,,,
Diiodomethane,kg,,,,,,,,
Trifluoroiodomethane,kg,=,Trifluoroiodomethane,kg,BLM,Name,,,11/4/2024
Iodoethane,kg,,,,,,,,
n-iodopropane,kg,,,,,,,,
i-iodopropane,kg,,,,,,,,
3-iodo-1-propene,kg,,,,,,,,
1-iodo-heptafluoropropane,kg,,,,,,,,
Tert-butyl iodide,kg,=,"Propane, 2-iodo-2-methyl-",kg,BLM,CAS,,,11/4/2024
Carbonyl fluoride,kg,,,,,,,,
Phosphorus tribromide,kg,,,,,,,,
Ammonia,kg,=,Ammonia,kg,BLM,Name,,,11/4/2024
Carbonyl Sulfide,kg,=,Carbonyl Sulfide,kg,BLM,Name,,,11/4/2024
Sulfuryl fluoride,kg,=,Sulfuryl fluoride,kg,BLM,Name,,,11/4/2024
Trifluoroacetic acid (TFA),kg,=,Trifluoroacetic acid,kg,BLM,CAS Clean match,,,11/4/2024
"3,5-dichloro-2,4,6-trifluoropyridine (DCTFP)",kg,,,,,,,,
Heptafluorobutyronitrile,kg,,,,,,,,
Chlorine Nitrate,kg,,,,,,,,
Bromine Nitrate,kg,,,,,,,,
,,,,,,,,,
