SourceFlowName,SourceUnit,MatchCondition,TargetFlowName,TargetUnit,Mapper,Map method,Verifier,Note,LastUpdated,ConversionFactor
"(1,1,3,3-Tetramethylbutyl)phenol",kg,=,"(1,1,3,3-Tetramethylbutyl)phenol",kg,Edelen,CAS FEDEFL,Hottle,,11/2/2020,
.alpha.-Endosulfan,kg,=,.alpha.-Endosulfan,kg,Edelen,manual match,Hottle,,11/2/2020,
.alpha.-Hexachlorocyclohexane,kg,=,.alpha.-Hexachlorocyclohexane,kg,Edelen,manual match,Hottle,,11/2/2020,
.alpha.-Methylstyrene,kg,=,.alpha.-Methylstyrene,kg,Edelen,manual match,Hottle,,11/2/2020,
.alpha.-Terpineol,kg,=,.alpha.-Terpineol,kg,Edelen,manual match,Hottle,,11/2/2020,
.beta.-Endosulfan,kg,=,.beta.-Endosulfan,kg,Edelen,manual match,Hottle,,11/2/2020,
.beta.-Hexachlorocyclohexane,kg,=,.beta.-Hexachlorocyclohexane,kg,Edelen,manual match,Hottle,,11/2/2020,
.delta.-Hexachlorocyclohexane,kg,=,.delta.-Hexachlorocyclohexane,kg,Hottle,,Edelen,,11/6/2020,
.lambda.-Cyhalothrin,kg,=,.lambda.-Cyhalothrin,kg,Edelen,manual match,Hottle,,11/2/2020,
"1,1,1,2-Tetrachloroethane",kg,=,"1,1,1,2-Tetrachloroethane",kg,Edelen,indexAll_mappingsfile,Hottle,,11/2/2020,
"1,1,1-Trichloroethane",kg,=,"1,1,1-Trichloroethane",kg,Edelen,indexAll_mappingsfile,Hottle,,11/2/2020,
"1,1,2,2-Tetrachloroethane",kg,=,"1,1,2,2-Tetrachloroethane",kg,Edelen,indexAll_mappingsfile,Hottle,,11/2/2020,
"1,1,2-Trichloroethane",kg,=,"1,1,2-Trichloroethane",kg,Edelen,indexAll_mappingsfile,Hottle,,11/2/2020,
"1,1-Dichloro-1,2,2,2-tetrafluoroethane",kg,=,CFC-114a,kg,Edelen,CAS FEDEFL,Hottle,,11/2/2020,
"1,1-Dichloroethane",kg,=,"1,1-Dichloroethane",kg,Edelen,indexAll_mappingsfile,Hottle,,11/2/2020,
"1,1-Dichloroethylene",kg,=,"1,1-Dichloroethylene",kg,Edelen,indexAll_mappingsfile,Hottle,,11/2/2020,
"1,2,3,4,5,6-Hexachlorocyclohexane",kg,=,Lindane,kg,Edelen,indexAll_mappingsfile,Hottle,,11/2/2020,
"1,2,3,4,6,7,8,9-Octachlorodibenzofuran",kg,=,"1,2,3,4,6,7,8,9-Octachlorodibenzofuran",kg,Edelen,indexAll_mappingsfile,Hottle,,11/2/2020,
"1,2,3,4,6,7,8,9-Octachlorodibenzo-p-dioxin",kg,=,"1,2,3,4,6,7,8,9-Octachlorodibenzo-p-dioxin",kg,Edelen,indexAll_mappingsfile,Hottle,,11/2/2020,
"1,2,3,4,6,7,8-Heptachlorodibenzofuran",kg,=,"1,2,3,4,6,7,8-Heptachlorodibenzofuran",kg,Edelen,indexAll_mappingsfile,Hottle,,11/2/2020,
"1,2,3,4,6,7,8-Heptachlorodibenzo-p-dioxin",kg,=,"1,2,3,4,6,7,8-Heptachlorodibenzo-p-dioxin",kg,Edelen,indexAll_mappingsfile,Hottle,,11/2/2020,
"1,2,3,4,7,8,9-Heptachlorodibenzofuran",kg,=,"1,2,3,4,7,8,9-Heptachlorodibenzofuran",kg,Edelen,indexAll_mappingsfile,Hottle,,11/2/2020,
"1,2,3,4,7,8-Hexachlorodibenzofuran",kg,=,"1,2,3,4,7,8-Hexachlorodibenzofuran",kg,Edelen,indexAll_mappingsfile,Hottle,,11/2/2020,
"1,2,3,4,7,8-Hexachlorodibenzo-p-dioxin",kg,=,"1,2,3,4,7,8-Hexachlorodibenzo-p-dioxin",kg,Edelen,indexAll_mappingsfile,Hottle,,11/2/2020,
"1,2,3,6,7,8-Hexachlorodibenzofuran",kg,=,"1,2,3,6,7,8-Hexachlorodibenzofuran",kg,Edelen,indexAll_mappingsfile,Hottle,,11/2/2020,
"1,2,3,6,7,8-Hexachlorodibenzo-p-dioxin",kg,=,"1,2,3,6,7,8-Hexachlorodibenzo-p-dioxin",kg,Edelen,indexAll_mappingsfile,Hottle,,11/2/2020,
"1,2,3,7,8,9-Hexachlorodibenzofuran",kg,=,"1,2,3,7,8,9-Hexachlorodibenzofuran",kg,Edelen,indexAll_mappingsfile,Hottle,,11/2/2020,
"1,2,3,7,8,9-Hexachlorodibenzo-p-dioxin",kg,=,"1,2,3,7,8,9-Hexachlorodibenzo-p-dioxin",kg,Edelen,indexAll_mappingsfile,Hottle,,11/2/2020,
"1,2,3,7,8-Pentachlorodibenzofuran",kg,=,"1,2,3,7,8-Pentachlorodibenzofuran",kg,Edelen,indexAll_mappingsfile,Hottle,,11/2/2020,
"1,2,3,7,8-Pentachlorodibenzo-p-dioxin",kg,=,"1,2,3,7,8-Pentachlorodibenzo-p-dioxin",kg,Edelen,indexAll_mappingsfile,Hottle,,11/2/2020,
"1,2,3-Trichlorobenzene",kg,=,"1,2,3-Trichlorobenzene",kg,Edelen,indexAll_mappingsfile,Hottle,,11/2/2020,
"1,2,3-Trichloropropane",kg,=,"1,2,3-Trichloropropane",kg,Edelen,indexAll_mappingsfile,Hottle,,11/2/2020,
"1,2,4,5-Tetrachlorobenzene",kg,=,"1,2,4,5-Tetrachlorobenzene",kg,Edelen,indexAll_mappingsfile,Hottle,,11/2/2020,
"1,2,4-Trichlorobenzene",kg,=,"1,2,4-Trichlorobenzene",kg,Edelen,indexAll_mappingsfile,Hottle,,11/2/2020,
"1,2,4-Trimethylbenzene",kg,=,"1,2,4-Trimethylbenzene",kg,Edelen,indexAll_mappingsfile,Hottle,,11/2/2020,
"1,2-Dibromo-3-chloropropane",kg,=,"1,2-Dibromo-3-chloropropane",kg,Edelen,indexAll_mappingsfile,Hottle,,11/2/2020,
"1,2-Dichloroethane",kg,=,"1,2-Dichloroethane",kg,Edelen,indexAll_mappingsfile,Hottle,,11/2/2020,
"1,2-Dichloroethylene",kg,=,"1,2-Dichloroethylene",kg,Edelen,indexAll_mappingsfile,Hottle,,11/2/2020,
"1,2-Dichloropropane",kg,=,"1,2-Dichloropropane",kg,Edelen,indexAll_mappingsfile,Hottle,,11/2/2020,
"1,2-Diphenylhydrazine",kg,=,"1,2-Diphenylhydrazine",kg,Edelen,indexAll_mappingsfile,Hottle,,11/2/2020,
"1,3,5,7-Tetranitro-1,3,5,7-tetrazocine",kg,=,Cyclotetramethylenetetranitramine,kg,Edelen,CAS FEDEFL,Hottle,,11/2/2020,
"1,3,5-Trimethylbenzene",kg,=,"1,3,5-Trimethylbenzene",kg,Edelen,indexAll_mappingsfile,Hottle,,11/2/2020,
"1,3,5-Trinitrobenzene",kg,=,"1,3,5-Trinitrobenzene",kg,Edelen,indexAll_mappingsfile,Hottle,,11/2/2020,
"1,3-Butadiene",kg,=,"1,3-Butadiene",kg,Edelen,indexAll_mappingsfile,Hottle,,11/2/2020,
"1,3-Dichloropropane",kg,=,"1,3-Dichloropropane",kg,Edelen,indexAll_mappingsfile,Hottle,,11/2/2020,
"1,3-Dichloropropene",kg,=,"1,3-Dichloropropene",kg,Edelen,indexAll_mappingsfile,Hottle,,11/2/2020,
"1,3-Dinitrobenzene",kg,=,m-Dinitrobenzene,kg,Edelen,indexAll_mappingsfile,Hottle,,11/2/2020,
"1,4-Dioxane",kg,=,"1,4-Dioxane",kg,Edelen,indexAll_mappingsfile,Hottle,,11/2/2020,
10:2 Fluorotelomer Acrylate,kg,=,"1,1,2,2-Tetrahydroperfluorododecyl acrylate",kg,Edelen,CAS FEDEFL,Hottle,,11/2/2020,
10:2 Fluorotelomer Alcohol,kg,=,"1-Dodecanol, 3,3,4,4,5,5,6,6,7,7,8,8,9,9,10,10,11,11,12,12,12-heneicosafluoro-",kg,Edelen,CAS FEDEFL,Hottle,,11/2/2020,
1-Butanol,kg,=,1-Butanol,kg,Edelen,indexAll_mappingsfile,Hottle,,11/2/2020,
1-Chloro-2-nitrobenzene,kg,=,o-Chloronitrobenzene,kg,Edelen,CAS FEDEFL,Hottle,,11/2/2020,
1-Methylnaphthalene,kg,=,1-Methylnaphthalene,kg,Edelen,indexAll_mappingsfile,Hottle,,11/2/2020,
1-Pentanol,kg,=,1-Pentanol,kg,Edelen,indexAll_mappingsfile,Hottle,,11/2/2020,
1-Propanol,kg,=,1-Propanol,kg,Edelen,indexAll_mappingsfile,Hottle,,11/2/2020,
"1-Propene, 1,1-dichloro-",kg,=,"1,1-Dichloropropene",kg,Edelen,manual match,Hottle,,11/2/2020,
2-(N-ethylperfluorooctanesulfonamido) acetic acid,kg,=,"Glycine, N-ethyl-N-[(heptadecafluorooctyl)sulfonyl]-",kg,Edelen,CAS FEDEFL,Hottle,,11/2/2020,
2-(N-methylperfluorooctanesulfonamido) acetic acid,kg,=,2-(N-Methylperfluorooctanesulfonamido)acetic acid,kg,Edelen,CAS FEDEFL,Hottle,,11/2/2020,
"2,2,4,5,6,7,8,8-Octachloro-2,3,3a,4,7,7a-hexahydro-4,7-methano-1H-indene",kg,=,"2,2,4,5,6,7,8,8-Octachloro-2,3,3a,4,7,7a-hexahydro-4,7-methano-1H-indene",kg,Edelen,CAS FEDEFL,Hottle,,11/2/2020,
"2,2-Dibromo-3-nitrilopropionamide",kg,=,"2,2-Dibromo-3-nitrilopropionamide",kg,Edelen,CAS FEDEFL,Hottle,,11/2/2020,
"2,2-Dichloropropane",kg,=,"2,2-Dichloropropane",kg,Edelen,CAS FEDEFL,Hottle,,11/2/2020,
"2,3,4,5-Tetrachlorophenol",kg,=,"2,3,4,5-Tetrachlorophenol",kg,Edelen,indexAll_mappingsfile,Hottle,,11/2/2020,
"2,3,4,6,7,8-Hexachlorodibenzofuran",kg,=,"2,3,4,6,7,8-Hexachlorodibenzofuran",kg,Edelen,indexAll_mappingsfile,Hottle,,11/2/2020,
"2,3,4,6-Tetrachlorophenol",kg,=,"2,3,4,6-Tetrachlorophenol",kg,Edelen,indexAll_mappingsfile,Hottle,,11/2/2020,
"2,3,4,7,8-Pentachlorodibenzofuran",kg,=,"2,3,4,7,8-Pentachlorodibenzofuran",kg,Edelen,indexAll_mappingsfile,Hottle,,11/2/2020,
"2,3,7,8-TCDD TEC",kg,=,"2,3,7,8-Tetrachlorodibenzo-p-dioxin",kg,Edelen,indexAll_mappingsfile,Hottle,,11/2/2020,
"2,3,7,8-Tetrachlorodibenzofuran",kg,=,"2,3,7,8-Tetrachlorodibenzofuran",kg,Edelen,indexAll_mappingsfile,Hottle,,11/2/2020,
"2,3,7,8-Tetrachlorodibenzo-p-dioxin",kg,=,"2,3,7,8-Tetrachlorodibenzo-p-dioxin",kg,Edelen,indexAll_mappingsfile,Hottle,,11/2/2020,
"2,3-Dihydro-2,2-dimethyl-7-benzofuranol",kg,=,"2,3-Dihydro-2,2-dimethyl-7-benzofuranol",kg,Edelen,CAS FEDEFL,Hottle,,11/2/2020,
"2,4,5-T",kg,=,"2,4,5-T",kg,Edelen,indexAll_mappingsfile,Hottle,,11/2/2020,
"2,4,5-Trichlorophenol",kg,=,"2,4,5-Trichlorophenol",kg,Edelen,indexAll_mappingsfile,Hottle,,11/2/2020,
"2,4,6-Trichlorophenol",kg,=,"2,4,6-Trichlorophenol",kg,Edelen,indexAll_mappingsfile,Hottle,,11/2/2020,
"2,4-D",kg,=,"2,4-D",kg,Edelen,indexAll_mappingsfile,Hottle,,11/2/2020,
"2,4-DDD (O,P-DDD)",kg,=,"o,p'-DDD",kg,Edelen,CAS FEDEFL,Hottle,,11/2/2020,
"2,4-Dichlorophenol",kg,=,"2,4-Dichlorophenol",kg,Edelen,indexAll_mappingsfile,Hottle,,11/2/2020,
"2,4-Dimethylphenol",kg,=,"2,4-Dimethylphenol",kg,Edelen,indexAll_mappingsfile,Hottle,,11/2/2020,
"2,4-Dinitrophenol",kg,=,"2,4-Dinitrophenol",kg,Edelen,indexAll_mappingsfile,Hottle,,11/2/2020,
"2,4-Dinitrotoluene",kg,=,"2,4-Dinitrotoluene",kg,Edelen,indexAll_mappingsfile,Hottle,,11/2/2020,
"2,6-Dinitrotoluene",kg,=,"2,6-Dinitrotoluene",kg,Edelen,indexAll_mappingsfile,Hottle,,11/2/2020,
"2-Amino-4,6-dinitrotoluene",kg,=,"2-Amino-4,6-dinitrotoluene",kg,Edelen,CAS FEDEFL,Hottle,,11/2/2020,
"2-Bromo-1,1-dichloroethane",kg,=,"2-Bromo-1,1-dichloroethane",kg,Edelen,CAS FEDEFL,Hottle,,11/2/2020,
2-Chloroethyl vinyl ether,kg,=,2-Chloroethyl vinyl ether,kg,Edelen,indexAll_mappingsfile,Hottle,,11/2/2020,
2-Chloronaphthalene,kg,=,2-Chloronaphthalene,kg,Edelen,indexAll_mappingsfile,Hottle,,11/2/2020,
2-Ethoxyethanol,kg,=,2-Ethoxyethanol,kg,Edelen,indexAll_mappingsfile,Hottle,,11/2/2020,
2-Ethylhexanol,kg,=,2-Ethylhexanol,kg,Edelen,CAS FEDEFL,Hottle,,11/2/2020,
2-Hexanone,kg,=,2-Hexanone,kg,Edelen,indexAll_mappingsfile,Hottle,,11/2/2020,
2-Methoxyethanol,kg,=,2-Methoxyethanol,kg,Edelen,indexAll_mappingsfile,Hottle,,11/2/2020,
"2-Methyl-1,3-dioxolane",kg,=,"2-Methyl-1,3-dioxolane",kg,Edelen,CAS FEDEFL,Hottle,,11/2/2020,
2-Methylnaphthalene,kg,=,2-Methylnaphthalene,kg,Edelen,indexAll_mappingsfile,Hottle,,11/2/2020,
2-Methylpyridine,kg,=,2-Methylpyridine,kg,Edelen,indexAll_mappingsfile,Hottle,,11/2/2020,
"3,3'-Dichlorobenzidine",kg,=,"3,3'-Dichlorobenzidine",kg,Edelen,indexAll_mappingsfile,Hottle,,11/2/2020,
"3,3'-Dimethylbenzidine",kg,=,"3,3'-Dimethylbenzidine",kg,Edelen,indexAll_mappingsfile,Hottle,,11/2/2020,
"3,4,5-Trichlorocatechol",kg,=,"3,4,5-Trichlorocatechol",kg,Edelen,indexAll_mappingsfile,Hottle,,11/2/2020,
"3,4,5-Trichloroguaiacol",kg,=,"3,4,5-Trichloroguaiacol",kg,Edelen,CAS FEDEFL,Hottle,,11/2/2020,
"3,4,6-Trichlorocatechol",kg,=,"3,4,6-Trichlorocatechol",kg,Edelen,CAS FEDEFL,Hottle,,11/2/2020,
"3,4,6-Trichloroguaiacol",kg,=,"3,4,6-Trichloroguaiacol",kg,Edelen,CAS FEDEFL,Hottle,,11/2/2020,
3-Methylcholanthrene,kg,=,3-Methylcholanthrene,kg,Edelen,indexAll_mappingsfile,Hottle,,11/2/2020,
3-methylphenol and 4-methylphenol Combination,kg,=,"m-Cresol, p-cresol, formaldehyde polymer",kg,Edelen,CAS FEDEFL,Hottle,,11/2/2020,
3-Methylpyridine,kg,=,3-Methylpyridine,kg,Edelen,indexAll_mappingsfile,Hottle,,11/2/2020,
"4,4'-Isopropylidenediphenol",kg,=,"4,4'-Isopropylidenediphenol",kg,Edelen,indexAll_mappingsfile,Hottle,,11/2/2020,
"4,5,6-Trichloroguaiacol",kg,=,"4,5,6-Trichloroguaiacol",kg,Edelen,indexAll_mappingsfile,Hottle,,11/2/2020,
"4,6-Dinitro-o-cresol",kg,=,"4,6-Dinitro-o-cresol",kg,Edelen,indexAll_mappingsfile,Hottle,,11/2/2020,
"4-Amino-2,6-dinitrotoluene",kg,=,"4-Amino-2,6-dinitrotoluene",kg,Edelen,CAS FEDEFL,Hottle,,11/2/2020,
"4-Isopropyltoluene, (whole water)",kg,=,p-Cymene,kg,Edelen,manual match,Hottle,,11/2/2020,
"4-Nitro-N-methylphthalimide, total",kg,=,4-Nitro-N-methylphthalimide,kg,Edelen,CAS FEDEFL,Hottle,,11/2/2020,
8:2 Fluorotelomer Acrylate,kg,=,"1,1,2,2-Tetrahydroperfluorodecyl acrylate",kg,Edelen,CAS FEDEFL,Hottle,,11/2/2020,
8:2 Fluorotelomer Alcohol,kg,=,"1-Decanol, 3,3,4,4,5,5,6,6,7,7,8,8,9,9,10,10,10-heptadecafluoro-",kg,Edelen,indexAll_mappingsfile,Hottle,,11/2/2020,
Acenaphthene,kg,=,Acenaphthene,kg,Edelen,indexAll_mappingsfile,Hottle,,11/2/2020,
Acenaphthylene,kg,=,Acenaphthylene,kg,Edelen,indexAll_mappingsfile,Hottle,,11/2/2020,
Acetaldehyde,kg,=,Acetaldehyde,kg,Edelen,indexAll_mappingsfile,Hottle,,11/2/2020,
"Acetate, Total",kg,=,Acetate ion,kg,Edelen,CAS FEDEFL,Hottle,,11/2/2020,
Acetic acid,kg,=,Acetic acid,kg,Edelen,indexAll_mappingsfile,Hottle,,11/2/2020,
Acetochlor,kg,=,Acetochlor,kg,Edelen,indexAll_mappingsfile,Hottle,,11/2/2020,
Acetone,kg,=,Acetone,kg,Edelen,indexAll_mappingsfile,Hottle,,11/2/2020,
Acetonitrile,kg,=,Acetonitrile,kg,Edelen,indexAll_mappingsfile,Hottle,,11/2/2020,
Acetophenone,kg,=,Acetophenone,kg,Edelen,indexAll_mappingsfile,Hottle,,11/2/2020,
Acid compounds,kg,=,Hydrogen ion,kg,Edelen,manual match,Hottle,,11/2/2020,
Acidity,kg,=,Hydrogen ion,kg,Edelen,indexAll_mappingsfile,Hottle,,11/2/2020,
"Acidity, total (as CaCO3)",kg,=,Hydrogen ion,kg,Edelen,manual match,Hottle,,11/2/2020,
"Acifluorfen, sodium salt",kg,=,"Acifluorfen, sodium salt",kg,Edelen,indexAll_mappingsfile,Hottle,,11/2/2020,
Acrolein,kg,=,Acrolein,kg,Edelen,indexAll_mappingsfile,Hottle,,11/2/2020,
Acrylamide,kg,=,Acrylamide,kg,Edelen,indexAll_mappingsfile,Hottle,,11/2/2020,
Acrylonitrile,kg,=,Acrylonitrile,kg,Edelen,indexAll_mappingsfile,Hottle,,11/2/2020,
Alachlor,kg,=,Alachlor,kg,Edelen,indexAll_mappingsfile,Hottle,,11/2/2020,
Aldicarb,kg,=,Aldicarb,kg,Edelen,indexAll_mappingsfile,Hottle,,11/2/2020,
Aldrin,kg,=,Aldrin,kg,Edelen,indexAll_mappingsfile,Hottle,,11/2/2020,
Aldrin + Dieldrin,kg,=,Aldrin,kg,Edelen,manual match,,Split,11/2/2020,0.5
Aldrin + Dieldrin,kg,=,Dieldrin,kg,Edelen,manual match,,Split,11/2/2020,0.5
"Algicides, general",kg,<,Herbicides,kg,Hottle,,Edelen,,11/5/2020,
Aliphatics,kg,=,Aliphatics,kg,Hottle,,Edelen,no emission to water,11/6/2020,
"Alkalinity, bicarbonate (as CaCO3)",kg,,[unmapped],,,,,,,
"Alkalinity, carbonate (as CaCO3)",kg,,[unmapped],,,,,,,
"Alkalinity, phenolphthaline method",kg,,[unmapped],,,,,,,
"Alkalinity, total (as CaCO3)",kg,,[unmapped],,,,,,,
Alkyl benzene sulfonated (ABS),kg,=,"Benzenesulfonic acid, alkyl derivs.",kg,Hottle,,Edelen,check,11/5/2020,
Aluminum,kg,=,Aluminum,kg,Edelen,indexAll_mappingsfile,Hottle,,11/2/2020,
Ametryn,kg,=,Ametryn,kg,Edelen,indexAll_mappingsfile,Hottle,,11/2/2020,
"Amines, organic total",kg,=,Organic amines,kg,Hottle,,Edelen,,11/5/2020,
Ammonia & ammonium- total,kg,,[unmapped],,,,,unclear reporting basis,,
Ammonia as N,kg,=,Nitrogen,kg,Edelen,manual match_all mappings,Hottle,,11/2/2020,
Ammonia as NH3,kg,=,Ammonia,kg,Hottle,,Edelen,,11/6/2020,
Ammonium perfluoroctanoate,kg,=,Ammonium perfluorooctanoate,kg,Edelen,CAS FEDEFL,Hottle,,11/2/2020,
Ammonium picrate,kg,=,Ammonium picrate,kg,Edelen,CAS FEDEFL,Hottle,,11/2/2020,
Amoxicillin,kg,=,Amoxicillin,kg,Edelen,indexAll_mappingsfile,Hottle,,11/2/2020,
Ampicillin,kg,=,Ampicillin,kg,Edelen,indexAll_mappingsfile,Hottle,,11/2/2020,
Aniline,kg,=,Aniline,kg,Edelen,indexAll_mappingsfile,Hottle,,11/2/2020,
Anthracene,kg,=,Anthracene,kg,Edelen,indexAll_mappingsfile,Hottle,,11/2/2020,
Antimony,kg,=,Antimony,kg,Edelen,indexAll_mappingsfile,Hottle,,11/2/2020,
Aroclor (unspecified),kg,=,Aroclor (unspecified),kg,Edelen,manual match,Hottle,,11/2/2020,
Aroclor 1016,kg,=,Aroclor 1016,kg,Edelen,indexAll_mappingsfile,Hottle,,11/2/2020,
Aroclor 1221,kg,=,Aroclor 1221,kg,Edelen,indexAll_mappingsfile,Hottle,,11/2/2020,
Aroclor 1232,kg,=,Aroclor 1232,kg,Edelen,indexAll_mappingsfile,Hottle,,11/2/2020,
Aroclor 1242,kg,=,Aroclor 1242,kg,Edelen,indexAll_mappingsfile,Hottle,,11/2/2020,
Aroclor 1248,kg,=,Aroclor 1248,kg,Edelen,indexAll_mappingsfile,Hottle,,11/2/2020,
Aroclor 1254,kg,=,Aroclor 1254,kg,Edelen,indexAll_mappingsfile,Hottle,,11/2/2020,
Aroclor 1260,kg,=,Aroclor 1260,kg,Edelen,indexAll_mappingsfile,Hottle,,11/2/2020,
Aroclor 1262,kg,=,Aroclor 1262,kg,Edelen,CAS FEDEFL,Hottle,,11/2/2020,
Aromatics,kg,=,Aromatics,kg,Edelen,indexAll_mappingsfile,Hottle,,11/2/2020,
Arsenic,kg,=,Arsenic,kg,Edelen,indexAll_mappingsfile,Hottle,,11/2/2020,
"Arsenic, trivalent, total recoverable",kg,=,Arsenic(III),kg,Edelen,CAS FEDEFL,Hottle,,11/2/2020,
Atrazine,kg,=,Atrazine,kg,Edelen,indexAll_mappingsfile,Hottle,,11/2/2020,
Azinphos-methyl,kg,=,Azinphos-methyl,kg,Edelen,indexAll_mappingsfile,Hottle,,11/2/2020,
Azobenzene,kg,=,Azobenzene,kg,Edelen,indexAll_mappingsfile,Hottle,,11/2/2020,
Barban,kg,=,Barban,kg,Edelen,indexAll_mappingsfile,Hottle,,11/2/2020,
Barium,kg,=,Barium,kg,Edelen,indexAll_mappingsfile,Hottle,,11/2/2020,
"Base neutrals & acid (Method 625), efflnt",kg,,[unmapped],,,,,,,
Bentazon,kg,=,Bentazon,kg,Edelen,CAS FEDEFL,Hottle,,11/2/2020,
Benz[a]anthracene,kg,=,Benz[a]anthracene,kg,Edelen,indexAll_mappingsfile,Hottle,,11/2/2020,
"Benzenamine, N-methyl-N,2,4,6-tetranitro-",kg,=,Tetryl,kg,Edelen,manual match,Hottle,,11/2/2020,
Benzene,kg,=,Benzene,kg,Edelen,indexAll_mappingsfile,Hottle,,11/2/2020,
"Benzene, ethylbenzene, toluene, xylene combination",kg,=,Benzene,kg,Edelen,manual match,,Split,11/2/2020,0.25
"Benzene, ethylbenzene, toluene, xylene combination",kg,=,Ethylbenzene,kg,Edelen,manual match,,Split,11/2/2020,0.25
"Benzene, ethylbenzene, toluene, xylene combination",kg,=,Toluene,kg,Edelen,manual match,,Split,11/2/2020,0.25
"Benzene, ethylbenzene, toluene, xylene combination",kg,=,Xylene,kg,Edelen,manual match,,Split,11/2/2020,0.25
"Benzene, halogenated",kg,<,Benzene,kg,Hottle,,Edelen,check,11/5/2020,
"Benzene, toluene, xylene in combination",kg,=,Benzene,kg,Edelen,manual match,,Split,11/2/2020,0.33
"Benzene, toluene, xylene in combination",kg,=,Toluene,kg,Edelen,manual match,,Split,11/2/2020,0.33
"Benzene, toluene, xylene in combination",kg,=,Xylene,kg,Edelen,manual match,,Split,11/2/2020,0.33
Benzidine,kg,=,Benzidine,kg,Edelen,indexAll_mappingsfile,Hottle,,11/2/2020,
Benzo(b)fluoranthene,kg,=,Benzo(b)fluoranthene,kg,Edelen,indexAll_mappingsfile,Hottle,,11/2/2020,
"Benzo(b,k)fluoranthene",kg,=,Benzo(b)fluoranthene,kg,Edelen,manual match,,Split,11/2/2020,0.5
"Benzo(b,k)fluoranthene",kg,=,Benzo[k]fluoranthene,kg,Edelen,manual match,,Split,11/2/2020,0.5
Benzo[a]pyrene,kg,=,Benzo[a]pyrene,kg,Edelen,indexAll_mappingsfile,Hottle,,11/2/2020,
Benzo[ghi]perylene,kg,=,Benzo[ghi]perylene,kg,Edelen,CAS FEDEFL,Hottle,,11/2/2020,
Benzo[j]fluoranthene,kg,=,Benzo[j]fluoranthene,kg,Edelen,indexAll_mappingsfile,Hottle,,11/2/2020,
Benzo[k]fluoranthene,kg,=,Benzo[k]fluoranthene,kg,Edelen,indexAll_mappingsfile,Hottle,,11/2/2020,
"Benzoic acids, total",kg,=,Benzoic acids,kg,Hottle,,Edelen,,11/5/2020,
Benzothiazole,kg,=,Benzothiazole,kg,Edelen,indexAll_mappingsfile,Hottle,,11/2/2020,
Beryllium,kg,=,Beryllium,kg,Edelen,indexAll_mappingsfile,Hottle,,11/2/2020,
Betz clam-trol CT-2,kg,=,Clam-trol CT-2,kg,Edelen,CAS FEDEFL,Hottle,,11/2/2020,
Bicarbonate ion- (as HCO3),kg,=,Bicarbonate,kg,Edelen,CAS FEDEFL,Hottle,,11/2/2020,
Bifenthrin,kg,=,Bifenthrin,kg,Edelen,indexAll_mappingsfile,Hottle,,11/2/2020,
Biocides,kg,<,Pesticides,kg,Hottle,,Edelen,,11/5/2020,
Bis(2-chloroethoxy)methane,kg,=,Bis(2-chloroethoxy)methane,kg,Edelen,indexAll_mappingsfile,Hottle,,11/2/2020,
Bis(2-chloroethyl) ether,kg,=,Bis(2-chloroethyl) ether,kg,Edelen,indexAll_mappingsfile,Hottle,,11/2/2020,
Bis(2-chloroisopropyl) ether,kg,=,Bis(2-chloroisopropyl) ether,kg,Edelen,manual match,Hottle,,11/2/2020,
Bis(chloromethyl) ether,kg,=,Bis(chloromethyl) ether,kg,Edelen,indexAll_mappingsfile,Hottle,,11/2/2020,
"BOD, 5-day, 20 deg. C",kg,=,Biological Oxygen Demand,kg,Edelen,manual match_all mappings,Hottle,,11/2/2020,
"BOD, carbonaceous, 05 day, 20 C",kg,=,Biological Oxygen Demand,kg,Edelen,manual match_all mappings,Hottle,,11/2/2020,
"BOD, carbonaceous, 20 day, 20 C",kg,<,Biological Oxygen Demand,kg,Hottle,,Edelen,check,11/5/2020,
"BOD, carbonaceous, 28-day (20 deg. C)",kg,<,Biological Oxygen Demand,kg,Hottle,,Edelen,check,11/5/2020,
"BOD, carbonaceous, 5 day, 5 C",kg,=,Biological Oxygen Demand,kg,Edelen,manual match_all mappings,Hottle,,11/2/2020,
"BOD, nitrogen inhib 5-day (20 deg. C)",kg,=,Biological Oxygen Demand,kg,Edelen,manual match_all mappings,Hottle,,11/2/2020,
Boron,kg,=,Boron,kg,Edelen,indexAll_mappingsfile,Hottle,,11/2/2020,
Bromide,kg,=,Bromide,kg,Edelen,indexAll_mappingsfile,Hottle,,11/2/2020,
Bromine,kg,=,Bromine,kg,Edelen,indexAll_mappingsfile,Hottle,,11/2/2020,
Bromine chloride,kg,=,Bromine chloride,kg,Edelen,CAS FEDEFL,Hottle,,11/2/2020,
Bromoacetic acid,kg,=,Bromoacetic acid,kg,Edelen,indexAll_mappingsfile,Hottle,,11/2/2020,
Bromobenzene,kg,=,Bromobenzene,kg,Edelen,indexAll_mappingsfile,Hottle,,11/2/2020,
Butyl benzyl phthalate,kg,=,Butyl benzyl phthalate,kg,Edelen,indexAll_mappingsfile,Hottle,,11/2/2020,
Butyric acid,kg,=,Butyric acid,kg,Edelen,indexAll_mappingsfile,Hottle,,11/2/2020,
C3 Dimer Acid/Salt,kg,,[unmapped],,,,,,,
Cadmium,kg,=,Cadmium,kg,Edelen,indexAll_mappingsfile,Hottle,,11/2/2020,
Calcium chloride,kg,=,Calcium chloride,kg,Edelen,indexAll_mappingsfile,Hottle,,11/2/2020,
Calcium sulfate,kg,=,Calcium sulfate,kg,Hottle,,Edelen,"resource flowable, no emission to water",11/5/2020,
Camphor,kg,=,Camphor,kg,Edelen,indexAll_mappingsfile,Hottle,,11/2/2020,
Carbamates,kg,,[unmapped],,,,,,,
Carbaryl,kg,=,Carbaryl,kg,Edelen,indexAll_mappingsfile,Hottle,,11/2/2020,
Carbazole,kg,=,Carbazole,kg,Edelen,indexAll_mappingsfile,Hottle,,11/2/2020,
Carbofuran,kg,=,Carbofuran,kg,Edelen,indexAll_mappingsfile,Hottle,,11/2/2020,
Carbon disulfide,kg,=,Carbon disulfide,kg,Edelen,indexAll_mappingsfile,Hottle,,11/2/2020,
Carbon tetrachloride,kg,=,Carbon tetrachloride,kg,Edelen,indexAll_mappingsfile,Hottle,,11/2/2020,
Carbonate ion- (as CO3),kg,=,Carbonate,kg,Edelen,CAS FEDEFL,Hottle,,11/2/2020,
CBOD5/NH3-N,kg,,[unmapped],,,,,,,
Cesium,kg,=,Cesium,kg,Edelen,indexAll_mappingsfile,Hottle,,11/2/2020,
CFC-11,kg,=,CFC-11,kg,Edelen,indexAll_mappingsfile,Hottle,,11/2/2020,
CFC-113,kg,=,CFC-113,kg,Edelen,indexAll_mappingsfile,Hottle,,11/2/2020,
CFC-12,kg,=,CFC-12,kg,Edelen,indexAll_mappingsfile,Hottle,,11/2/2020,
Chemical oxygen demand (COD),kg,=,Chemical Oxygen Demand,kg,Edelen,indexAll_mappingsfile,Hottle,,11/2/2020,
Chloral hydrate,kg,=,Chloral hydrate,kg,Edelen,indexAll_mappingsfile,Hottle,,11/2/2020,
"Chloramine, total",kg,=,Chloramine,kg,Edelen,CAS FEDEFL,Hottle,,11/2/2020,
Chloramine-T,kg,=,Chloramine T,kg,Edelen,indexAll_mappingsfile,Hottle,,11/2/2020,
Chlordane,kg,=,Chlordane,kg,Edelen,indexAll_mappingsfile,Hottle,,11/2/2020,
Chlordane (tech mix. and metabolites),kg,=,"Chlordane, technical",kg,Edelen,manual match,Hottle,,11/2/2020,
Chlorhexidine diacetate,kg,=,Chlorhexidine diacetate,kg,Edelen,CAS FEDEFL,Hottle,,11/2/2020,
Chloride,kg,=,Chloride,kg,Edelen,indexAll_mappingsfile,Hottle,,11/2/2020,
Chlorides & sulfates,kg,=,"Chlorides and sulfates, total",kg,Hottle,,Edelen,,11/5/2020,
Chlorinated dibenzo-p-dioxins,kg,=,Chlorinated dibenzo-p-dioxins,kg,Edelen,indexAll_mappingsfile,Hottle,,11/2/2020,
"Chlorinated hydrocarbons, total",kg,=,"Hydrocarbons, chlorinated",kg,Edelen,manual match,Hottle,,11/2/2020,
Chlorinated phenols,kg,=,Chlorinated phenols,kg,Edelen,CAS FEDEFL,Hottle,,11/2/2020,
Chlorine produced oxidants,kg,,[unmapped],,,,,,,
"Chlorine, total residual, duration of violation",kg,,[unmapped],,,,,,,
Chlorite,kg,=,Chlorite,kg,Edelen,CAS FEDEFL,Hottle,,11/2/2020,
Chloroacetic acid,kg,=,Chloroacetic acid,kg,Edelen,indexAll_mappingsfile,Hottle,,11/2/2020,
Chlorobenzene,kg,=,Chlorobenzene,kg,Edelen,indexAll_mappingsfile,Hottle,,11/2/2020,
Chlorodibromomethane,kg,=,Chlorodibromomethane,kg,Edelen,CAS FEDEFL,Hottle,,11/2/2020,
Chloroethane,kg,=,Chloroethane,kg,Edelen,indexAll_mappingsfile,Hottle,,11/2/2020,
Chloroform,kg,=,Chloroform,kg,Edelen,indexAll_mappingsfile,Hottle,,11/2/2020,
Chloromethane,kg,=,Chloromethane,kg,Edelen,indexAll_mappingsfile,Hottle,,11/2/2020,
"Chlorophyll A, corrected",kg,=,Chlorophyll a,kg,Edelen,CAS FEDEFL,Hottle,,11/2/2020,
Chloroprene,kg,=,Chloroprene,kg,Edelen,indexAll_mappingsfile,Hottle,,11/2/2020,
Chlorotoluene,kg,=,Chlorotoluene,kg,Edelen,CAS FEDEFL,Hottle,,11/2/2020,
Chlorpropham,kg,=,Chlorpropham,kg,Edelen,indexAll_mappingsfile,Hottle,,11/2/2020,
Chlorpyrifos,kg,=,Chlorpyrifos,kg,Edelen,indexAll_mappingsfile,Hottle,,11/2/2020,
Chromium,kg,=,Chromium,kg,Edelen,indexAll_mappingsfile,Hottle,,11/2/2020,
"Chromium, Hexavalent",kg,=,Chromium(VI),kg,Edelen,CAS FEDEFL,Hottle,,11/2/2020,
"Chromium, Trivalent",kg,=,Chromium(III),kg,Hottle,,Edelen,,11/6/2020,
Chrysene,kg,=,Chrysene,kg,Edelen,indexAll_mappingsfile,Hottle,,11/2/2020,
"cis-1,2-Dichloroethylene",kg,=,"cis-1,2-Dichloroethylene",kg,Edelen,CAS FEDEFL,Hottle,,11/2/2020,
"cis-1,3-Dichloropropene",kg,=,"cis-1,3-Dichloropropene",kg,Edelen,CAS FEDEFL,Hottle,,11/2/2020,
cis-Chlordane,kg,=,cis-Chlordane,kg,Edelen,indexAll_mappingsfile,Hottle,,11/2/2020,
Clostridium perfringens,kg,,[unmapped],,,,,Add (USDA thesaurus),,
Cobalt,kg,=,Cobalt,kg,Edelen,indexAll_mappingsfile,Hottle,,11/2/2020,
Coconut Diethanolamide,kg,=,Cocamides diethanolamines,kg,Edelen,CAS FEDEFL,Hottle,,11/2/2020,
Combined metals sum,kg,=,Combined metals,kg,Hottle,,Edelen,,11/5/2020,
Copper,kg,=,Copper,kg,Edelen,indexAll_mappingsfile,Hottle,,11/2/2020,
Cresol,kg,=,Cresol,kg,Edelen,indexAll_mappingsfile,Hottle,,11/2/2020,
Cryptosporidium,kg,,[unmapped],,,,,Add (USDA thesaurus),,
Cumene,kg,=,Cumene,kg,Edelen,indexAll_mappingsfile,Hottle,,11/2/2020,
Cyanide,kg,=,Cyanide,kg,Edelen,indexAll_mappingsfile,Hottle,,11/2/2020,
Cyanuric acid,kg,=,Cyanuric acid,kg,Edelen,indexAll_mappingsfile,Hottle,,11/2/2020,
Cyclohexane,kg,=,Cyclohexane,kg,Edelen,indexAll_mappingsfile,Hottle,,11/2/2020,
Cyclohexanone,kg,=,Cyclohexanone,kg,Edelen,indexAll_mappingsfile,Hottle,,11/2/2020,
Cyclohexylamine,kg,=,Cyclohexylamine,kg,Edelen,indexAll_mappingsfile,Hottle,,11/2/2020,
Cyclonite,kg,=,Cyclonite,kg,Edelen,CAS FEDEFL,Hottle,,11/2/2020,
Cyfluthrin,kg,=,Cyfluthrin,kg,Edelen,indexAll_mappingsfile,Hottle,,11/2/2020,
Cypermethrin,kg,=,Beta Cypermethrin,kg,Edelen,indexAll_mappingsfile,Hottle,,11/2/2020,
Dalapon,kg,=,Dalapon,kg,Edelen,indexAll_mappingsfile,Hottle,,11/2/2020,
"DDT/DDD/DDE, sum of p,p' & o,p' isomers",kg,,[unmapped],,,,,"Potential split, separate flows in FEDEFL",,
Dechlorane plus,kg,=,Bis(hexachlorocyclopentadieno)cyclooctane,kg,Edelen,CAS FEDEFL,Hottle,,11/2/2020,
Demeton,kg,=,Demeton,kg,Edelen,indexAll_mappingsfile,Hottle,,11/2/2020,
Di(2-ethylhexyl) adipate,kg,=,Di(2-ethylhexyl) adipate,kg,Edelen,manual match,Hottle,,11/2/2020,
Di(2-ethylhexyl) phthalate,kg,=,Di(2-ethylhexyl) phthalate,kg,Edelen,indexAll_mappingsfile,Hottle,,11/2/2020,
Diazinon,kg,=,Diazinon,kg,Edelen,indexAll_mappingsfile,Hottle,,11/2/2020,
Diazoxon,kg,=,Diazoxon,kg,Edelen,CAS FEDEFL,Hottle,,11/2/2020,
"Dibenz[a,h]acridine",kg,=,"Dibenz[a,h]acridine",kg,Edelen,indexAll_mappingsfile,Hottle,,11/2/2020,
"Dibenz[a,h]anthracene",kg,=,"Dibenz[a,h]anthracene",kg,Edelen,CAS FEDEFL,Hottle,,11/2/2020,
"Dibenz[a,j]acridine",kg,=,"Dibenz[a,j]acridine",kg,Edelen,CAS FEDEFL,Hottle,,11/2/2020,
"Dibenzo[a,e]pyrene",kg,=,"Dibenzo[a,e]pyrene",kg,Edelen,indexAll_mappingsfile,Hottle,,11/2/2020,
"Dibenzo[a,h]pyrene",kg,=,"Dibenzo[a,h]pyrene",kg,Edelen,indexAll_mappingsfile,Hottle,,11/2/2020,
"Dibenzo[a,i]pyrene",kg,=,"Dibenzo[a,i]pyrene",kg,Edelen,indexAll_mappingsfile,Hottle,,11/2/2020,
Dibenzofuran,kg,=,Dibenzofuran,kg,Edelen,indexAll_mappingsfile,Hottle,,11/2/2020,
Dibromoacetic acid,kg,=,Dibromoacetic acid,kg,Edelen,CAS FEDEFL,Hottle,,11/2/2020,
Dibromodichloromethane,kg,=,Dibromodichloromethane,kg,Edelen,CAS FEDEFL,Hottle,,11/2/2020,
Dibromomethane,kg,=,Dibromomethane,kg,Edelen,CAS FEDEFL,Hottle,,11/2/2020,
Dibutyl phthalate,kg,=,Dibutyl phthalate,kg,Edelen,indexAll_mappingsfile,Hottle,,11/2/2020,
Dicamba,kg,=,Dicamba,kg,Edelen,indexAll_mappingsfile,Hottle,,11/2/2020,
Dichloran,kg,=,Dichloran,kg,Edelen,CAS FEDEFL,Hottle,,11/2/2020,
Dichloroacetic acid,kg,=,Dichloroacetic acid,kg,Edelen,indexAll_mappingsfile,Hottle,,11/2/2020,
Dichlorobenzene,kg,=,Dichlorobenzene,kg,Edelen,indexAll_mappingsfile,Hottle,,11/2/2020,
Dichlorobenzyl trifluoride,kg,,[unmapped],,,,,,,
Dichlorobromomethane,kg,=,Dichlorobromomethane,kg,Edelen,indexAll_mappingsfile,Hottle,,11/2/2020,
Dichloroethane,kg,=,Dichloroethane,kg,Edelen,indexAll_mappingsfile,Hottle,,11/2/2020,
Dichloroethylene,kg,=,Dichloroethylene,kg,Hottle,,Edelen,,11/5/2020,
Dichlorotoluene,kg,=,Dichlorotoluene,kg,Edelen,CAS FEDEFL,Hottle,,11/2/2020,
Dichlorprop,kg,=,Dichlorprop,kg,Edelen,indexAll_mappingsfile,Hottle,,11/2/2020,
Dieldrin,kg,=,Dieldrin,kg,Edelen,indexAll_mappingsfile,Hottle,,11/2/2020,
"Diesel oil, no. 2",kg,<,Total petroleum hydrocarbon -diesel,kg,Hottle,,Edelen,,11/5/2020,
"Diesel range organics diesel, total, wtr",kg,<,Total petroleum hydrocarbon -diesel,kg,Hottle,,Edelen,check,11/5/2020,
Diethyl phthalate,kg,=,Diethyl phthalate,kg,Edelen,CAS FEDEFL,Hottle,,11/2/2020,
Diethylamine,kg,=,Diethylamine,kg,Edelen,indexAll_mappingsfile,Hottle,,11/2/2020,
Diethylene glycol dinitrate,kg,=,Diethylene glycol dinitrate,kg,Edelen,indexAll_mappingsfile,Hottle,,11/2/2020,
Diethylene glycol monobutyl ether acetate,kg,=,Diethylene glycol monobutyl ether acetate,kg,Edelen,CAS FEDEFL,Hottle,,11/2/2020,
Dimethyl Benzyl Ammonium Chloride,kg,,[unmapped],,,,,,,
Dimethyl phthalate,kg,=,Dimethyl phthalate,kg,Edelen,indexAll_mappingsfile,Hottle,,11/2/2020,
Dimethyl sulfoxide,kg,=,Dimethyl sulfoxide,kg,Edelen,indexAll_mappingsfile,Hottle,,11/2/2020,
Dimethyl terephthalate,kg,=,Dimethyl terephthalate,kg,Edelen,indexAll_mappingsfile,Hottle,,11/2/2020,
Dimethylamine,kg,=,Dimethylamine,kg,Edelen,indexAll_mappingsfile,Hottle,,11/2/2020,
Di-n-octyl phthalate,kg,=,Di-n-octyl phthalate,kg,Edelen,CAS FEDEFL,Hottle,,11/2/2020,
Dinoseb,kg,=,Dinoseb,kg,Edelen,indexAll_mappingsfile,Hottle,,11/2/2020,
Diphenylamine,kg,=,Diphenylamine,kg,Edelen,indexAll_mappingsfile,Hottle,,11/2/2020,
Diquat,kg,=,Diquat,kg,Edelen,indexAll_mappingsfile,Hottle,,11/2/2020,
Diquat dibromide,kg,=,Diquat dibromide,kg,Edelen,indexAll_mappingsfile,Hottle,,11/2/2020,
Disulfoton,kg,=,Disulfoton,kg,Edelen,indexAll_mappingsfile,Hottle,,11/2/2020,
Diuron,kg,=,Diuron,kg,Edelen,indexAll_mappingsfile,Hottle,,11/2/2020,
"Domestic waste, solids",kg,,[unmapped],,,waste flow,,,,
Endosulfan,kg,=,Endosulfan,kg,Edelen,indexAll_mappingsfile,Hottle,,11/2/2020,
Endosulfan sulfate,kg,=,Endosulfan sulfate,kg,Edelen,indexAll_mappingsfile,Hottle,,11/2/2020,
Endothall,kg,=,Endothall,kg,Edelen,indexAll_mappingsfile,Hottle,,11/2/2020,
Endothall salts and esters,kg,<,Endothall,kg,Hottle,,Edelen,,11/6/2020,
Endrin,kg,=,Endrin,kg,Edelen,indexAll_mappingsfile,Hottle,,11/2/2020,
Endrin + endrin aldehyde (sum),kg,=,Endrin,kg,Edelen,manual match,,,11/2/2020,0.5
Endrin + endrin aldehyde (sum),kg,=,Endrin aldehyde,kg,Edelen,manual match,,,11/2/2020,0.5
Endrin aldehyde,kg,=,Endrin aldehyde,kg,Edelen,CAS FEDEFL,Hottle,,11/2/2020,
Epichlorohydrin,kg,=,Epichlorohydrin,kg,Edelen,indexAll_mappingsfile,Hottle,,11/2/2020,
Ethanol,kg,=,Ethanol,kg,Edelen,indexAll_mappingsfile,Hottle,,11/2/2020,
Ethanolamine,kg,=,Ethanolamine,kg,Edelen,indexAll_mappingsfile,Hottle,,11/2/2020,
Ethion,kg,=,Ethion,kg,Edelen,indexAll_mappingsfile,Hottle,,11/2/2020,
Ethyl acetate,kg,=,Ethyl acetate,kg,Edelen,indexAll_mappingsfile,Hottle,,11/2/2020,
Ethyl acrylate,kg,=,Ethyl acrylate,kg,Edelen,indexAll_mappingsfile,Hottle,,11/2/2020,
Ethyl ether,kg,=,Ethyl ether,kg,Edelen,CAS FEDEFL,Hottle,,11/2/2020,
Ethylbenzene,kg,=,Ethylbenzene,kg,Edelen,indexAll_mappingsfile,Hottle,,11/2/2020,
Ethylene dibromide,kg,=,Ethylene dibromide,kg,Edelen,indexAll_mappingsfile,Hottle,,11/2/2020,
Ethylene glycol,kg,=,Ethylene glycol,kg,Edelen,indexAll_mappingsfile,Hottle,,11/2/2020,
Ethylene glycol dinitrate,kg,=,Ethylene glycol dinitrate,kg,Edelen,CAS FEDEFL,Hottle,,11/2/2020,
Ethylene glycol monophenyl ether,kg,=,Ethylene glycol monophenyl ether,kg,Edelen,CAS FEDEFL,Hottle,,11/2/2020,
"Explosives, combined TNT + RDX + tetryl",kg,,[unmapped],,,,,,,
"Fats, oils & grease (total o & g less TPH)",kg,=,"Total oil and grease, less total petroleum hydrocarbons (TPH)",kg,Hottle,,Edelen,,11/5/2020,
Fenuron,kg,=,Fenuron,kg,Edelen,indexAll_mappingsfile,Hottle,,11/2/2020,
Fluometuron,kg,=,Fluometuron,kg,Edelen,indexAll_mappingsfile,Hottle,,11/2/2020,
Fluoranthene,kg,=,Fluoranthene,kg,Edelen,indexAll_mappingsfile,Hottle,,11/2/2020,
Fluorene,kg,=,Fluorene,kg,Edelen,indexAll_mappingsfile,Hottle,,11/2/2020,
Fluoride,kg,=,Fluoride,kg,Edelen,indexAll_mappingsfile,Hottle,,11/2/2020,
Fluorine,kg,=,Fluorine,kg,Edelen,indexAll_mappingsfile,Hottle,,11/2/2020,
Fluoroborates,kg,=,Fluoroboric acid,kg,Edelen,CAS FEDEFL,Hottle,,11/2/2020,
Foaming agents,kg,,[unmapped],,,,,,,
Formaldehyde,kg,=,Formaldehyde,kg,Edelen,indexAll_mappingsfile,Hottle,,11/2/2020,
Free Available Chlorine,kg,<,Chlorine,kg,Hottle,,Edelen,,11/5/2020,
Free Residual Chlorine,kg,<,Chlorine,kg,Hottle,,Edelen,,11/5/2020,
Freeboard,kg,,[unmapped],,,,,,,
"Fuel oil, no. 2",kg,<,Total petroleum hydrocarbon -diesel,kg,Hottle,,Edelen,,11/5/2020,
"Fuel, diesel, #1",kg,<,Total petroleum hydrocarbon -diesel,kg,Hottle,,Edelen,,11/5/2020,
Furans,kg,=,Furans,kg,Edelen,indexAll_mappingsfile,Hottle,,11/2/2020,
Furfural,kg,=,Furfural,kg,Edelen,indexAll_mappingsfile,Hottle,,11/2/2020,
"Gasoline, regular",kg,<,Total petroleum hydrocarbon -gasoline,kg,Hottle,,Edelen,,11/5/2020,
Giardia,kg,,[unmapped],,,,,Add (USDA thesaurus),,
Glycol mix applied,kg,~,Glycol ethers,kg,Hottle,,Edelen,,11/6/2020,
Glyphosate,kg,=,Glyphosate,kg,Edelen,indexAll_mappingsfile,Hottle,,11/2/2020,
Gold,kg,=,Gold,kg,Edelen,indexAll_mappingsfile,Hottle,,11/2/2020,
"Halocarbons, purgeable scan, effluent",kg,=,"Halocarbons, purgeable",kg,Hottle,,Edelen,,11/5/2020,
"Halogen, total residual",kg,<,"Halogens, total",kg,Hottle,,Edelen,,11/6/2020,
"Halogens, adsorbable organic",kg,=,Adsorbable organic halides,kg,Edelen,manual match,Hottle,,11/2/2020,
"Halogens, tot organics bottom sediment",kg,<,"Halogens, total",kg,Hottle,,Edelen,,11/6/2020,
"Halomethanes, sum",kg,<,"Hydrocarbons, halogenated",kg,Hottle,,Edelen,check,11/6/2020,
Halon 1011,kg,=,Halon 1011,kg,Edelen,CAS FEDEFL,Hottle,,11/2/2020,
"Hardness, tot calc. (Ca, Mg, Fe) as CaC03",kg,,[unmapped],,,,,,,
"Hardness, total (as CaCO3)",kg,,[unmapped],,,,,,,
HCFC-123,kg,=,HCFC-123,kg,Edelen,indexAll_mappingsfile,Hottle,,11/2/2020,
HCFC-21,kg,=,HCFC-21,kg,Edelen,indexAll_mappingsfile,Hottle,,11/2/2020,
HCFC-22,kg,=,HCFC-22,kg,Edelen,indexAll_mappingsfile,Hottle,,11/2/2020,
Heptachlor,kg,=,Heptachlor,kg,Edelen,indexAll_mappingsfile,Hottle,,11/2/2020,
Heptachlor and its epoxide -- RCRA T,kg,>,Heptachlor,kg,Hottle,,Edelen,"potential split, epoxide is a separate flow in FEDEFL",11/6/2020,
Heptachlor epoxide,kg,=,Heptachlor epoxide,kg,Edelen,indexAll_mappingsfile,Hottle,,11/2/2020,
Heptadecafluorononanoic acid,kg,=,Perfluorononanoic acid,kg,Edelen,CAS FEDEFL,Hottle,,11/2/2020,
Heptane,kg,=,Heptane,kg,Edelen,indexAll_mappingsfile,Hottle,,11/2/2020,
Hexachlorobenzene,kg,=,Hexachlorobenzene,kg,Edelen,indexAll_mappingsfile,Hottle,,11/2/2020,
Hexachlorobutadiene,kg,=,Hexachlorobutadiene,kg,Edelen,indexAll_mappingsfile,Hottle,,11/2/2020,
Hexachlorocyclohexane,kg,=,Hexachlorocyclohexane,kg,Edelen,indexAll_mappingsfile,Hottle,,11/2/2020,
Hexachlorocyclopentadiene,kg,=,Hexachlorocyclopentadiene,kg,Edelen,indexAll_mappingsfile,Hottle,,11/2/2020,
Hexachloroethane,kg,=,Hexachloroethane,kg,Edelen,indexAll_mappingsfile,Hottle,,11/2/2020,
Hexachlorophene,kg,=,Hexachlorophene,kg,Edelen,indexAll_mappingsfile,Hottle,,11/2/2020,
Hexamethylbenzene,kg,=,Hexamethylbenzene,kg,Edelen,CAS FEDEFL,Hottle,,11/2/2020,
Hexamethylphosphoramide,kg,=,Hexamethylphosphoramide,kg,Edelen,indexAll_mappingsfile,Hottle,,11/2/2020,
Hexane,kg,=,Hexane,kg,Edelen,indexAll_mappingsfile,Hottle,,11/2/2020,
Hydrazine,kg,=,Hydrazine,kg,Edelen,indexAll_mappingsfile,Hottle,,11/2/2020,
"Hydrazines, total",kg,=,"Hydrazines, total",kg,Hottle,,Edelen,,11/6/2020,
"Hydrocarbon, total recoverable",kg,=,Hydrocarbons,kg,Edelen,CAS FEDEFL,Hottle,,11/2/2020,
"Hydrocarbons, aromatic",kg,=,Aromatic hydrocarbons,kg,Edelen,indexAll_mappingsfile,Hottle,,11/2/2020,
"Hydrocarbons, in H2O, IR, CC14 extractible chromatograph",kg,=,Hydrocarbons,kg,Edelen,manual match,Hottle,,11/2/2020,
"Hydrocarbons, nitrated, total",kg,=,"Hydrocarbons, nitrated",kg,Edelen,manual match,Hottle,,11/2/2020,
Hydrogen peroxide,kg,=,Hydrogen peroxide,kg,Edelen,indexAll_mappingsfile,Hottle,,11/2/2020,
Hydrogen sulfide,kg,=,Hydrogen sulfide,kg,Edelen,indexAll_mappingsfile,Hottle,,11/2/2020,
Hydroquinone,kg,=,Hydroquinone,kg,Edelen,indexAll_mappingsfile,Hottle,,11/2/2020,
Hydroxide,kg,=,Hydroxide,kg,Edelen,indexAll_mappingsfile,Hottle,,11/2/2020,
Imidacloprid,kg,=,Imidacloprid,kg,Edelen,indexAll_mappingsfile,Hottle,,11/2/2020,
"Indeno[1,2,3-cd]pyrene",kg,=,"Indeno[1,2,3-cd]pyrene",kg,Edelen,CAS FEDEFL,Hottle,,11/2/2020,
Indium,kg,=,Indium,kg,Edelen,indexAll_mappingsfile,Hottle,,11/2/2020,
Inorganic Nitrogen,kg,=,Nitrogen,kg,Edelen,manual match_all mappings,Hottle,,11/2/2020,
Inorganic suspended solids,kg,=,"Suspended solids, inorganic",kg,Hottle,,Edelen,,11/6/2020,
Iron,kg,=,Iron,kg,Edelen,indexAll_mappingsfile,Hottle,,11/2/2020,
Isobutanol,kg,=,Isobutanol,kg,Edelen,indexAll_mappingsfile,Hottle,,11/2/2020,
Isobutyraldehyde,kg,=,Isobutyraldehyde,kg,Edelen,indexAll_mappingsfile,Hottle,,11/2/2020,
Isophorone,kg,=,Isophorone,kg,Edelen,indexAll_mappingsfile,Hottle,,11/2/2020,
Isopropanol,kg,=,Isopropanol,kg,Edelen,indexAll_mappingsfile,Hottle,,11/2/2020,
Isopropyl acetate,kg,=,Isopropyl acetate,kg,Edelen,indexAll_mappingsfile,Hottle,,11/2/2020,
Isopropyl ether,kg,=,Isopropyl ether,kg,Edelen,CAS FEDEFL,Hottle,,11/2/2020,
Isopropylamine,kg,=,Isopropylamine,kg,Edelen,indexAll_mappingsfile,Hottle,,11/2/2020,
K001,kg,,[unmapped],,,,,,,
Kerosene,kg,=,Kerosene,kg,Edelen,indexAll_mappingsfile,Hottle,,11/2/2020,
Lead,kg,=,Lead,kg,Edelen,indexAll_mappingsfile,Hottle,,11/2/2020,
Lindane,kg,=,Lindane,kg,Edelen,indexAll_mappingsfile,Hottle,,11/2/2020,
Linuron,kg,=,Linuron,kg,Edelen,indexAll_mappingsfile,Hottle,,11/2/2020,
Lithium,kg,=,Lithium,kg,Edelen,indexAll_mappingsfile,Hottle,,11/2/2020,
Magnesium,kg,=,Magnesium,kg,Edelen,indexAll_mappingsfile,Hottle,,11/2/2020,
Malathion,kg,=,Malathion,kg,Edelen,indexAll_mappingsfile,Hottle,,11/2/2020,
Manganese,kg,=,Manganese,kg,Edelen,indexAll_mappingsfile,Hottle,,11/2/2020,
m-Chloroaniline,kg,=,m-Chloroaniline,kg,Edelen,CAS FEDEFL,Hottle,,11/2/2020,
MCPA 2-ethylhexyl ester,kg,=,MCPA-2-ethylhexyl,kg,Edelen,CAS FEDEFL,Hottle,,11/2/2020,
m-Cresol,kg,=,m-Cresol,kg,Edelen,indexAll_mappingsfile,Hottle,,11/2/2020,
m-Dichlorobenzene,kg,=,m-Dichlorobenzene,kg,Edelen,CAS FEDEFL,Hottle,,11/2/2020,
Mecoprop,kg,=,Mecoprop,kg,Edelen,indexAll_mappingsfile,Hottle,,11/2/2020,
Mercury,kg,=,Mercury,kg,Edelen,indexAll_mappingsfile,Hottle,,11/2/2020,
"Metals, total",kg,=,Total metals,kg,Hottle,,Edelen,,11/5/2020,
"Metals, tox priority pollutants, total",kg,<,Total metals,kg,Hottle,,Edelen,,11/5/2020,
Methanol,kg,=,Methanol,kg,Edelen,indexAll_mappingsfile,Hottle,,11/2/2020,
Methomyl,kg,=,Methomyl,kg,Edelen,indexAll_mappingsfile,Hottle,,11/2/2020,
Methoxychlor,kg,=,Methoxychlor,kg,Edelen,indexAll_mappingsfile,Hottle,,11/2/2020,
Methyl acrylate,kg,=,Methyl acrylate,kg,Edelen,indexAll_mappingsfile,Hottle,,11/2/2020,
Methyl bromide,kg,=,Methyl bromide,kg,Edelen,indexAll_mappingsfile,Hottle,,11/2/2020,
Methyl ethyl ketone,kg,=,Methyl ethyl ketone,kg,Edelen,indexAll_mappingsfile,Hottle,,11/2/2020,
Methyl formate,kg,=,Methyl formate,kg,Edelen,indexAll_mappingsfile,Hottle,,11/2/2020,
Methyl isobutyl ketone,kg,=,Methyl isobutyl ketone,kg,Edelen,indexAll_mappingsfile,Hottle,,11/2/2020,
Methyl methacrylate,kg,=,Methyl methacrylate,kg,Edelen,indexAll_mappingsfile,Hottle,,11/2/2020,
Methyl parathion,kg,=,Methyl parathion,kg,Edelen,indexAll_mappingsfile,Hottle,,11/2/2020,
Methyl tert-butyl ether,kg,=,Methyl tert-butyl ether,kg,Edelen,indexAll_mappingsfile,Hottle,,11/2/2020,
Methylene chloride,kg,=,Methylene chloride,kg,Edelen,indexAll_mappingsfile,Hottle,,11/2/2020,
Methylmercury,kg,=,Methylmercury(I),kg,Edelen,indexAll_mappingsfile,Hottle,,11/2/2020,
Methylnaphthalene,kg,=,Methylnaphthalene,kg,Edelen,CAS FEDEFL,Hottle,,11/2/2020,
Metiram,kg,=,Metiram,kg,Edelen,indexAll_mappingsfile,Hottle,,11/2/2020,
Metolachlor,kg,=,Metolachlor,kg,Edelen,indexAll_mappingsfile,Hottle,,11/2/2020,
Metribuzin,kg,=,Metribuzin,kg,Edelen,indexAll_mappingsfile,Hottle,,11/2/2020,
Mirex,kg,=,Mirex,kg,Edelen,indexAll_mappingsfile,Hottle,,11/2/2020,
m-Nitrotoluene,kg,=,m-Nitrotoluene,kg,Edelen,CAS FEDEFL,Hottle,,11/2/2020,
Molinate,kg,=,Molinate,kg,Edelen,indexAll_mappingsfile,Hottle,,11/2/2020,
Molybdenum,kg,=,Molybdenum,kg,Edelen,indexAll_mappingsfile,Hottle,,11/2/2020,
Monochlorobenzyl trifluoride,kg,=,2-Chlorobenzotrifluoride,kg,Edelen,CAS FEDEFL,Hottle,,11/2/2020,
Monuron,kg,=,Monuron,kg,Edelen,indexAll_mappingsfile,Hottle,,11/2/2020,
m-Toluidine,kg,=,m-Toluidine,kg,Edelen,indexAll_mappingsfile,Hottle,,11/2/2020,
m-Xylene,kg,=,m-Xylene,kg,Edelen,indexAll_mappingsfile,Hottle,,11/2/2020,
"N,N-Dimethylaniline",kg,=,"N,N-Dimethylaniline",kg,Edelen,indexAll_mappingsfile,Hottle,,11/2/2020,
Nalco Macrotrol 9210,kg,,[unmapped],,,,,,,
Naled,kg,=,Naled,kg,Edelen,indexAll_mappingsfile,Hottle,,11/2/2020,
n-Amyl acetate,kg,=,n-Amyl acetate,kg,Edelen,CAS FEDEFL,Hottle,,11/2/2020,
Naphthalene,kg,=,Naphthalene,kg,Edelen,indexAll_mappingsfile,Hottle,,11/2/2020,
n-Butyl acetate,kg,=,n-Butyl acetate,kg,Edelen,indexAll_mappingsfile,Hottle,,11/2/2020,
n-Butylbenzene,kg,=,n-Butylbenzene,kg,Edelen,indexAll_mappingsfile,Hottle,,11/2/2020,
n-Decane,kg,=,Decane,kg,Edelen,indexAll_mappingsfile,Hottle,,11/2/2020,
Neburon,kg,=,Neburon,kg,Edelen,indexAll_mappingsfile,Hottle,,11/2/2020,
Neptune Blue,kg,=,Neptune Blue,kg,Edelen,CAS FEDEFL,Hottle,,11/2/2020,
N-Ethylaniline,kg,=,N-Ethylaniline,kg,Edelen,indexAll_mappingsfile,Hottle,,11/2/2020,
N-ethylperfluorooctane Sulfonamidoethanol,kg,=,N-Ethyl-N-(2-hydroxyethyl)perfluorooctanesulfonamide,kg,Edelen,CAS FEDEFL,Hottle,,11/2/2020,
Nickel,kg,=,Nickel,kg,Edelen,indexAll_mappingsfile,Hottle,,11/2/2020,
Niobium,kg,=,Niobium,kg,Edelen,indexAll_mappingsfile,Hottle,,11/2/2020,
"Nitrite nitrogen, dissolved (as N)",kg,=,Nitrite,kg,Edelen,CAS FEDEFL,Hottle,,11/2/2020,
Nitrobenzene,kg,=,Nitrobenzene,kg,Edelen,indexAll_mappingsfile,Hottle,,11/2/2020,
"Nitrobodies, total",kg,,[unmapped],,,,,,,
Nitrofurans,kg,,[unmapped],,,,,,,
Nitrogen,kg,=,Nitrogen,kg,Edelen,indexAll_mappingsfile,Hottle,,11/2/2020,
"Nitrogen, ammonia total (as NH4)",kg,=,Ammonium,kg,Edelen,CAS FEDEFL,Hottle,,11/2/2020,
"Nitrogen, nitrate dissolved",kg,=,Nitrate,kg,Edelen,CAS FEDEFL,Hottle,,11/2/2020,
"Nitrogenous oxygen demand (20-day, 20 C)",kg,,[unmapped],,,,,,,
Nitroglycerin,kg,=,Nitroglycerin,kg,Edelen,indexAll_mappingsfile,Hottle,,11/2/2020,
N-Methyl-2-pyrrolidone,kg,=,N-Methyl-2-pyrrolidone,kg,Edelen,indexAll_mappingsfile,Hottle,,11/2/2020,
N-Methylaniline,kg,=,N-Methylaniline,kg,Edelen,indexAll_mappingsfile,Hottle,,11/2/2020,
N-methylperfluorooctane Sulfonamidoethanol,kg,=,"1-Octanesulfonamide, 1,1,2,2,3,3,4,4,5,5,6,6,7,7,8,8,8-heptadecafluoro-N-(2-hydroxyethyl)-N-methyl-",kg,Edelen,CAS FEDEFL,Hottle,,11/2/2020,
N-Nitrosodiethylamine,kg,=,N-Nitrosodiethylamine,kg,Edelen,indexAll_mappingsfile,Hottle,,11/2/2020,
N-Nitrosodimethylamine,kg,=,N-Nitrosodimethylamine,kg,Edelen,indexAll_mappingsfile,Hottle,,11/2/2020,
N-Nitrosodi-n-butylamine,kg,=,N-Nitrosodi-n-butylamine,kg,Edelen,indexAll_mappingsfile,Hottle,,11/2/2020,
N-Nitrosodi-n-propylamine,kg,=,N-Nitrosodi-n-propylamine,kg,Edelen,indexAll_mappingsfile,Hottle,,11/2/2020,
N-Nitrosodiphenylamine,kg,=,N-Nitrosodiphenylamine,kg,Edelen,indexAll_mappingsfile,Hottle,,11/2/2020,
N-Nitrosopyrrolidine,kg,=,N-Nitrosopyrrolidine,kg,Edelen,indexAll_mappingsfile,Hottle,,11/2/2020,
n-Octadecane,kg,=,Octadecane,kg,Edelen,CAS FEDEFL,Hottle,,11/2/2020,
Nonyl phenoxypoly ethanol,kg,,[unmapped],,,,,,,
Nonylphenol,kg,=,Nonylphenol,kg,Edelen,indexAll_mappingsfile,Hottle,,11/2/2020,
n-Propyl Bromide,kg,=,1-Bromopropane,kg,Edelen,CAS FEDEFL,Hottle,,11/2/2020,
n-Propylbenzene,kg,=,n-Propylbenzene,kg,Edelen,indexAll_mappingsfile,Hottle,,11/2/2020,
o-Chloroaniline,kg,=,o-Chloroaniline,kg,Edelen,CAS FEDEFL,Hottle,,11/2/2020,
o-Chlorophenol,kg,=,o-Chlorophenol,kg,Edelen,CAS FEDEFL,Hottle,,11/2/2020,
o-Chlorotoluene,kg,=,o-Chlorotoluene,kg,Edelen,CAS FEDEFL,Hottle,,11/2/2020,
o-Cresol,kg,=,o-Cresol,kg,Edelen,indexAll_mappingsfile,Hottle,,11/2/2020,
Octachlorocyclopentene,kg,=,Octachlorocyclopentene,kg,Edelen,CAS FEDEFL,Hottle,,11/2/2020,
o-Dichlorobenzene,kg,=,o-Dichlorobenzene,kg,Edelen,indexAll_mappingsfile,Hottle,,11/2/2020,
"Oil & grease, non polar material",kg,?,"Total oil and grease, less total petroleum hydrocarbons (TPH)",kg,Hottle,,Edelen,,11/5/2020,
Oil and grease,kg,>,"Total oil and grease, less total petroleum hydrocarbons (TPH)",kg,Hottle,,Edelen,,11/5/2020,
Oil refinery waste,kg,,[unmapped],,,waste flow,,,,
o-Nitrophenol,kg,=,o-Nitrophenol,kg,Edelen,CAS FEDEFL,Hottle,,11/2/2020,
o-Nitrotoluene,kg,=,o-Nitrotoluene,kg,Edelen,indexAll_mappingsfile,Hottle,,11/2/2020,
Organic active ingredients (40 CFR455),kg,=,Organic active ingredients,kg,Hottle,,Edelen,,11/5/2020,
Organic Nitrogen,kg,=,Nitrogen,kg,Edelen,manual match_all mappings,Hottle,,11/2/2020,
Organic pesticide chemicals (40 CFR455),kg,<,Pesticides,kg,Hottle,,Edelen,,11/5/2020,
"Organics, tot purgeables (Method 624)",kg,=,"Organics, purgeables",kg,Hottle,,Edelen,,11/5/2020,
"Organics, total halogens (TOX)",kg,=,Halogenated organics,kg,Hottle,,Edelen,check,11/5/2020,
"Organics, total toxic (TTO)",kg,=,Total toxic organics,kg,Hottle,,Edelen,,11/5/2020,
Oxamyl,kg,=,Oxamyl,kg,Edelen,indexAll_mappingsfile,Hottle,,11/2/2020,
"Oxidants released, total residual",kg,,[unmapped],,,,,,,
"Oxidants, free available",kg,,[unmapped],,,,,,,
"Oxidants, total residual",kg,,[unmapped],,,,,,,
Oxygen,kg,=,Oxygen,kg,Edelen,indexAll_mappingsfile,Hottle,,11/2/2020,
"Oxygen demand, total (tod)",kg,=,Oxygen,kg,Edelen,manual match,Hottle,,11/2/2020,
o-Xylene,kg,=,o-Xylene,kg,Edelen,indexAll_mappingsfile,Hottle,,11/2/2020,
Oxytetracycline,kg,=,Oxytetracycline,kg,Edelen,indexAll_mappingsfile,Hottle,,11/2/2020,
Ozone,kg,=,Ozone,kg,Edelen,indexAll_mappingsfile,Hottle,,11/2/2020,
"p,p'-DDD",kg,=,"p,p'-DDD",kg,Edelen,CAS FEDEFL,Hottle,,11/2/2020,
"p,p'-DDE",kg,=,"p,p'-DDE",kg,Edelen,indexAll_mappingsfile,Hottle,,11/2/2020,
"p,p'-DDT",kg,=,"p,p'-DDT",kg,Edelen,indexAll_mappingsfile,Hottle,,11/2/2020,
Palladium,kg,=,Palladium,kg,Edelen,indexAll_mappingsfile,Hottle,,11/2/2020,
Paraquat,kg,=,Paraquat,kg,Edelen,indexAll_mappingsfile,Hottle,,11/2/2020,
Parathion,kg,=,Parathion,kg,Edelen,indexAll_mappingsfile,Hottle,,11/2/2020,
p-Bromophenyl phenyl ether,kg,=,p-Bromophenyl phenyl ether,kg,Edelen,manual match,Hottle,,11/2/2020,
p-Chloroaniline,kg,=,p-Chloroaniline,kg,Edelen,indexAll_mappingsfile,Hottle,,11/2/2020,
p-Chloro-m-cresol,kg,=,p-Chloro-m-cresol,kg,Edelen,CAS FEDEFL,Hottle,,11/2/2020,
p-Chlorophenyl phenyl ether,kg,=,p-Chlorophenyl phenyl ether,kg,Edelen,CAS FEDEFL,Hottle,,11/2/2020,
p-Chlorotoluene,kg,=,p-Chlorotoluene,kg,Edelen,indexAll_mappingsfile,Hottle,,11/2/2020,
p-Cresol,kg,=,p-Cresol,kg,Edelen,indexAll_mappingsfile,Hottle,,11/2/2020,
p-Dichlorobenzene,kg,=,p-Dichlorobenzene,kg,Edelen,CAS FEDEFL,Hottle,,11/2/2020,
Pentachlorobenzene,kg,=,Pentachlorobenzene,kg,Edelen,indexAll_mappingsfile,Hottle,,11/2/2020,
Pentachloroethane,kg,=,Pentachloroethane,kg,Edelen,indexAll_mappingsfile,Hottle,,11/2/2020,
Pentachlorophenol,kg,=,Pentachlorophenol,kg,Edelen,indexAll_mappingsfile,Hottle,,11/2/2020,
Peracetic acid,kg,=,Peracetic acid,kg,Edelen,indexAll_mappingsfile,Hottle,,11/2/2020,
Perchlorate (ClO4),kg,=,Perchlorate,kg,Edelen,CAS FEDEFL,Hottle,,11/2/2020,
Perfluorobutane Sulfonate,kg,=,Perfluorobutanesulfonate,kg,Edelen,CAS FEDEFL,Hottle,,11/2/2020,
Perfluorodecane Sulfonate,kg,,[unmapped],,,,,,,
Perfluorodecanoic acid,kg,=,Perfluorodecanoic acid,kg,Edelen,CAS FEDEFL,Hottle,,11/2/2020,
Perfluoroheptane Sulfonate,kg,,[unmapped],,,,,,,
Perfluorohexane Sulfonate,kg,=,Perfluorohexanesulfonate,kg,Edelen,CAS FEDEFL,Hottle,,11/2/2020,
Perfluorohexanoic acid,kg,=,Perfluorohexanoic acid,kg,Edelen,CAS FEDEFL,Hottle,,11/2/2020,
Perfluorolauric acid,kg,=,Perfluorolauric acid,kg,Edelen,CAS FEDEFL,Hottle,,11/2/2020,
Perfluoromyristic acid,kg,=,Perfluoromyristic acid,kg,Edelen,CAS FEDEFL,Hottle,,11/2/2020,
Perfluorooctanesulfonamide,kg,=,Perfluorooctanesulfonamide,kg,Edelen,CAS FEDEFL,Hottle,,11/2/2020,
Perfluorotridecanoic acid,kg,=,Perfluorotridecanoic acid,kg,Edelen,CAS FEDEFL,Hottle,,11/2/2020,
Perfluoroundecanoic acid,kg,=,Perfluoroundecanoic acid,kg,Edelen,CAS FEDEFL,Hottle,,11/2/2020,
Perfluorovaleric acid,kg,=,Perfluorovaleric acid,kg,Edelen,CAS FEDEFL,Hottle,,11/2/2020,
Permethrin,kg,=,Permethrin,kg,Edelen,indexAll_mappingsfile,Hottle,,11/2/2020,
Perylene,kg,=,Perylene,kg,Edelen,indexAll_mappingsfile,Hottle,,11/2/2020,
"Pesticides, general",kg,=,Pesticides,kg,Edelen,manual match,Hottle,,11/2/2020,
"Petrol hydrocarbons, total recoverable",kg,=,"Hydrocarbons, petroleum",kg,Edelen,manual match,Hottle,,11/2/2020,
Petroleum,kg,=,Petroleum,kg,Edelen,CAS FEDEFL,Hottle,,11/2/2020,
PFOA,kg,=,Perfluorooctanoic acid,kg,Edelen,CAS FEDEFL,Hottle,,11/2/2020,
Phenanthrene,kg,=,Phenanthrene,kg,Edelen,indexAll_mappingsfile,Hottle,,11/2/2020,
Phenol,kg,=,Phenol,kg,Edelen,indexAll_mappingsfile,Hottle,,11/2/2020,
Phorate,kg,=,Phorate,kg,Edelen,indexAll_mappingsfile,Hottle,,11/2/2020,
"Phosphate, total (as PO4)",kg,=,Orthophosphate,kg,Edelen,CAS FEDEFL,Hottle,,11/2/2020,
Phosphorus,kg,=,Phosphorus,kg,Edelen,indexAll_mappingsfile,Hottle,,11/2/2020,
Phthalate esters,kg,=,"Esters, Phthalate",kg,Hottle,,Edelen,,11/6/2020,
Picloram,kg,=,Picloram,kg,Edelen,indexAll_mappingsfile,Hottle,,11/2/2020,
p-Nitrophenol,kg,=,p-Nitrophenol,kg,Edelen,CAS FEDEFL,Hottle,,11/2/2020,
p-Nitrotoluene,kg,=,p-Nitrotoluene,kg,Edelen,CAS FEDEFL,Hottle,,11/2/2020,
Poly[hexamethylenebiguanide] hydrochloride,kg,=,Poly(iminoimidocarbonyliminoimidocarbonyliminohexamethylene) hydrochloride,kg,Edelen,CAS FEDEFL,Hottle,,11/2/2020,
Polychlorinated biphenyls,kg,=,Polychlorinated biphenyls,kg,Edelen,indexAll_mappingsfile,Hottle,,11/2/2020,
Polycyclic aromatic hydrocarbons,kg,=,Polycyclic aromatic hydrocarbons,kg,Edelen,indexAll_mappingsfile,Hottle,,11/2/2020,
Potassium,kg,=,Potassium,kg,Edelen,indexAll_mappingsfile,Hottle,,11/2/2020,
Potassium permanganate,kg,=,Potassium permanganate,kg,Edelen,indexAll_mappingsfile,Hottle,,11/2/2020,
Prometon,kg,=,Prometon,kg,Edelen,indexAll_mappingsfile,Hottle,,11/2/2020,
Prometryn,kg,=,Prometryn,kg,Edelen,indexAll_mappingsfile,Hottle,,11/2/2020,
Propazine,kg,=,Propazine,kg,Edelen,indexAll_mappingsfile,Hottle,,11/2/2020,
Propham,kg,=,Propham,kg,Edelen,indexAll_mappingsfile,Hottle,,11/2/2020,
Propoxur,kg,=,Propoxur,kg,Edelen,indexAll_mappingsfile,Hottle,,11/2/2020,
Propylene glycol,kg,=,Propylene glycol,kg,Edelen,indexAll_mappingsfile,Hottle,,11/2/2020,
Purgeable aromatics Method 602,kg,=,"Aromatics, purgeable",kg,Hottle,,Edelen,,11/5/2020,
"Purgeable hydrocarbons, Meth. 601",kg,=,"Hydrocarbons, purgeable",kg,Hottle,,Edelen,,11/5/2020,
p-Xylene,kg,=,p-Xylene,kg,Edelen,indexAll_mappingsfile,Hottle,,11/2/2020,
Pyrene,kg,=,Pyrene,kg,Edelen,indexAll_mappingsfile,Hottle,,11/2/2020,
Pyridine,kg,=,Pyridine,kg,Edelen,indexAll_mappingsfile,Hottle,,11/2/2020,
QUATERNARY AMMONIUM COMPOUNDS,kg,=,Ammonium,kg,Hottle,,Edelen,,11/6/2020,
Quinoline,kg,=,Quinoline,kg,Edelen,indexAll_mappingsfile,Hottle,,11/2/2020,
Radium-223,kg,=,Radium-223,kBq,Edelen,CAS FEDEFL,Hottle,,11/2/2020,
Radium-224,kg,=,Radium-224,kBq,Edelen,indexAll_mappingsfile,Hottle,,11/2/2020,
Radium-226,kg,=,Radium-226,kBq,Edelen,indexAll_mappingsfile,Hottle,,11/2/2020,
Radium-228,kg,=,Radium-228,kBq,Edelen,indexAll_mappingsfile,Hottle,,11/2/2020,
Radon,kg,=,Radon-222,kBq,Edelen,indexAll_mappingsfile,Hottle,no emission to water,11/2/2020,
"Residue, tot fltrble (dried at 105 C)",kg,,[unmapped],,,,,,,
Resorcinol,kg,=,Resorcinol,kg,Edelen,indexAll_mappingsfile,Hottle,,11/2/2020,
"Sanitary waste, residual chlorine",kg,,[unmapped],,,waste flow,,,,
"Sanitary waste, solids",kg,,[unmapped],,,waste flow,,,,
Seafood Processing Waste,kg,,[unmapped],,,waste flow,,,,
sec-Butylbenzene,kg,=,sec-Butylbenzene,kg,Edelen,CAS FEDEFL,Hottle,,11/2/2020,
Sediment,kg,,[unmapped],,,,,,,
Selenium,kg,=,Selenium,kg,Edelen,indexAll_mappingsfile,Hottle,,11/2/2020,
Siduron,kg,=,Siduron,kg,Edelen,indexAll_mappingsfile,Hottle,,11/2/2020,
Silica,kg,=,Silica,kg,Edelen,CAS FEDEFL,Hottle,,11/2/2020,
Silver,kg,=,Silver,kg,Edelen,indexAll_mappingsfile,Hottle,,11/2/2020,
"Silver, ionic",kg,=,Silver(I),kg,Edelen,CAS FEDEFL,Hottle,,11/2/2020,
Silvex,kg,=,Silvex,kg,Edelen,indexAll_mappingsfile,Hottle,,11/2/2020,
Simazine,kg,=,Simazine,kg,Edelen,indexAll_mappingsfile,Hottle,,11/2/2020,
Sodium,kg,=,Sodium,kg,Edelen,indexAll_mappingsfile,Hottle,,11/2/2020,
Sodium chloride,kg,=,Sodium chloride,kg,Edelen,indexAll_mappingsfile,Hottle,,11/2/2020,
Solids accumulation rate tot dry weight,kg,,[unmapped],,,,,,,
"Solids, dry, discharge to sol. handling sys.",kg,,[unmapped],,,,,,,
"Solids, fixed dissolved",kg,=,Total dissolved solids,kg,Edelen,manual match,Hottle,,11/2/2020,
"Solids, fixed suspended",kg,=,Total suspended solids,kg,Edelen,manual match,Hottle,,11/2/2020,
"Solids, total",kg,,[unmapped],,,,,,,
"Solids, total dissolved",kg,=,Total dissolved solids,kg,Edelen,manual match,Hottle,,11/2/2020,
"Solids, total fixed",kg,,[unmapped],,,,,,,
"Solids, total non- volatile, non-fixed",kg,,[unmapped],,,,,,,
"Solids, total suspended",kg,=,Total suspended solids,kg,Edelen,manual match,Hottle,,11/2/2020,
"Solids, total volatile",kg,,[unmapped],,,,,,,
Spectrus CT 1300,kg,,[unmapped],,,,,,,
Spinosad,kg,=,Spinosad,kg,Edelen,indexAll_mappingsfile,Hottle,,11/2/2020,
Strontium,kg,=,Strontium,kg,Edelen,indexAll_mappingsfile,Hottle,,11/2/2020,
Strontium-90,kg,=,Strontium-90,kBq,Edelen,indexAll_mappingsfile,Hottle,,11/2/2020,
Styrene,kg,=,Styrene,kg,Edelen,indexAll_mappingsfile,Hottle,,11/2/2020,
Sulfate,kg,=,Sulfate,kg,Edelen,indexAll_mappingsfile,Hottle,,11/2/2020,
Sulfide,kg,=,Sulfide,kg,Edelen,indexAll_mappingsfile,Hottle,,11/2/2020,
Sulfide-hydrogen sulfide (undissociated),kg,~,Hydrogen sulfide,kg,Hottle,,Edelen,,11/6/2020,
Sulfite (as SO3),kg,=,Sulfite,kg,Edelen,CAS FEDEFL,Hottle,,11/2/2020,
Sulfolane,kg,=,Sulfolane,kg,Edelen,CAS FEDEFL,Hottle,,11/2/2020,
Sulfur,kg,=,Sulfur,kg,Edelen,indexAll_mappingsfile,Hottle,,11/2/2020,
Sulfur dioxide,kg,=,Sulfur dioxide,kg,Edelen,indexAll_mappingsfile,Hottle,,11/2/2020,
"Surfactants, anionic",kg,<,Surfactants,kg,Hottle,,Edelen,,11/6/2020,
"Surfactants, as CTAS, effluent",kg,<,Surfactants,kg,Hottle,,Edelen,,11/6/2020,
"Suspended solids, total annual",kg,,Total suspended solids,kg,Hottle,,Edelen,,11/6/2020,
Tannin and lignin,kg,=,"Tannins and lignen, total",kg,Hottle,,Edelen,,11/6/2020,
Tantalum,kg,=,Tantalum,kg,Edelen,indexAll_mappingsfile,Hottle,,11/2/2020,
TCDD equivalents,kg,~,"2,3,7,8-Tetrachlorodibenzo-p-dioxin",kg,Hottle,,Edelen,,11/6/2020,
Tebuconazole,kg,=,Tebuconazole,kg,Edelen,indexAll_mappingsfile,Hottle,,11/2/2020,
Technetium-99,kg,=,Technetium-99,kBq,Edelen,indexAll_mappingsfile,Hottle,,11/2/2020,
Terbufos,kg,=,Terbufos,kg,Edelen,indexAll_mappingsfile,Hottle,,11/2/2020,
Terbuthylazine,kg,=,Terbuthylazine,kg,Edelen,indexAll_mappingsfile,Hottle,,11/2/2020,
Terpineol,kg,=,Terpineol,kg,Edelen,CAS FEDEFL,Hottle,,11/2/2020,
Tert-Amyl Methyl Ether,kg,=,tert-Amyl methyl ether,kg,Edelen,CAS FEDEFL,Hottle,,11/2/2020,
tert-Butanol,kg,=,tert-Butanol,kg,Edelen,CAS FEDEFL,Hottle,,11/2/2020,
tert-Butylbenzene,kg,=,tert-Butylbenzene,kg,Edelen,CAS FEDEFL,Hottle,,11/2/2020,
tert-Butylphenol,kg,=,"Phenol, (1,1-dimethylethyl)-",kg,Edelen,CAS FEDEFL,Hottle,,11/2/2020,
Tetrachlorobenzene,kg,=,"1,2,3,4-Tetrachlorobenzene",kg,Edelen,CAS FEDEFL,Hottle,,11/2/2020,
Tetrachlorocatechol,kg,=,Tetrachlorocatechol,kg,Edelen,CAS FEDEFL,Hottle,,11/2/2020,
Tetrachloroethane,kg,=,Tetrachloroethane,kg,Edelen,CAS FEDEFL,Hottle,,11/2/2020,
Tetrachloroethylene,kg,=,Tetrachloroethylene,kg,Edelen,indexAll_mappingsfile,Hottle,,11/2/2020,
Tetrachloroguaiacol,kg,=,Tetrachloroguaiacol,kg,Edelen,indexAll_mappingsfile,Hottle,,11/2/2020,
Tetrahydrofuran,kg,=,Tetrahydrofuran,kg,Edelen,indexAll_mappingsfile,Hottle,,11/2/2020,
"Tetrahydroxymethylphosphonium chloride, THPC",kg,=,Tetrakis(hydroxymethyl)phosphonium chloride,kg,Edelen,CAS FEDEFL,Hottle,,11/2/2020,
Thallium,kg,=,Thallium,kg,Edelen,indexAll_mappingsfile,Hottle,,11/2/2020,
Thiobencarb,kg,=,Thiobencarb,kg,Edelen,indexAll_mappingsfile,Hottle,,11/2/2020,
Thiocarbamates,kg,,[unmapped],,,,,,,
Thiocyanate,kg,=,Thiocyanate,kg,Edelen,CAS FEDEFL,Hottle,,11/2/2020,
Tin,kg,=,Tin,kg,Edelen,indexAll_mappingsfile,Hottle,,11/2/2020,
"Tin, tri-organo-",kg,,[unmapped],,,,,,,
Titanium,kg,=,Titanium,kg,Edelen,indexAll_mappingsfile,Hottle,,11/2/2020,
"TNT, dissolved",kg,=,Trinitrotoluene,kg,Edelen,CAS FEDEFL,Hottle,,11/2/2020,
Toluene,kg,=,Toluene,kg,Edelen,indexAll_mappingsfile,Hottle,,11/2/2020,
Tolytriazole,kg,=,Tolyl triazole,kg,Edelen,CAS FEDEFL,Hottle,,11/2/2020,
Total agg concentration #1,kg,,[unmapped],,,,,,,
Total agg concentration #2,kg,,[unmapped],,,,,,,
Total agg concentration #3,kg,,[unmapped],,,,,,,
Total agg concentration #4,kg,,[unmapped],,,,,,,
Total base/neutral priority pollutants,kg,,[unmapped],,,,,,,
Total Carbon,kg,=,Carbon,kg,Edelen,manual match_allmappings,Hottle,,11/2/2020,
Total Kjeldahl Nitrogen,kg,=,Nitrogen,kg,Edelen,manual match_allmappings,Hottle,,11/2/2020,
Total Organic Carbon,kg,=,Total Organic Carbon,kg,Edelen,indexAll_mappingsfile,Hottle,,11/2/2020,
Total petroleum hydrocarbon - diesel,kg,=,"Hydrocarbons, petroleum",kg,Edelen,manual match,Hottle,,11/2/2020,
Total petroleum hydrocarbon - gasoline,kg,=,"Hydrocarbons, petroleum",kg,Edelen,manual match,Hottle,,11/2/2020,
Total phenols,kg,=,Phenols,kg,Edelen,manual match,Hottle,,11/2/2020,
Total Residual Chlorine,kg,<,Chlorine,kg,Hottle,,Edelen,,11/6/2020,
Toxaphene,kg,=,Toxaphene,kg,Edelen,indexAll_mappingsfile,Hottle,,11/2/2020,
"trans-1,2-Dichloroethylene",kg,=,"trans-1,2-Dichloroethylene",kg,Edelen,indexAll_mappingsfile,Hottle,,11/2/2020,
"trans-1,3-Dichloropropene",kg,=,"trans-1,3-Dichloropropene",kg,Edelen,indexAll_mappingsfile,Hottle,,11/2/2020,
"trans-1,4-Dichloro-2-butene",kg,=,"trans-1,4-Dichloro-2-butene",kg,Edelen,indexAll_mappingsfile,Hottle,,11/2/2020,
Tribromomethane,kg,=,Tribromomethane,kg,Edelen,indexAll_mappingsfile,Hottle,,11/2/2020,
Tributyltin,kg,=,Tributlytin,kg,Edelen,CAS FEDEFL,Hottle,,11/2/2020,
Trichloroacetic acid,kg,=,Trichloroacetic acid,kg,Edelen,indexAll_mappingsfile,Hottle,,11/2/2020,
Trichlorobenzene,kg,=,Trichlorobenzene,kg,Edelen,CAS FEDEFL,Hottle,,11/2/2020,
Trichloroethane,kg,=,Trichloroethane,kg,Edelen,indexAll_mappingsfile,Hottle,,11/2/2020,
Trichloroethylene,kg,=,Trichloroethylene,kg,Edelen,indexAll_mappingsfile,Hottle,,11/2/2020,
Trichloronitromethane,kg,=,Chloropicrin,kg,Edelen,CAS FEDEFL,Hottle,,11/2/2020,
Trichlorophenol,kg,=,Trichlorophenol,kg,Edelen,indexAll_mappingsfile,Hottle,,11/2/2020,
Trichlorosyringol,kg,=,Trichlorosyringol,kg,Edelen,CAS FEDEFL,Hottle,,11/2/2020,
Trichlorotoluene,kg,=,Benzotrichloride,kg,Edelen,CAS FEDEFL,Hottle,,11/2/2020,
Trichlorotrifluoroethane,kg,=,Trichlorotrifluoroethane,kg,Edelen,CAS FEDEFL,Hottle,,11/2/2020,
Tridecafluoroheptanoic acid,kg,=,Perfluoroheptanoic acid,kg,Edelen,CAS FEDEFL,Hottle,,11/2/2020,
Triethylamine,kg,=,Triethylamine,kg,Edelen,indexAll_mappingsfile,Hottle,,11/2/2020,
"Trihalomethane, tot.",kg,<,"Hydrocarbons, halogenated",kg,Hottle,,Edelen,check,11/6/2020,
Trimethylbenzene,kg,=,Trimethylbenzene,kg,Edelen,indexAll_mappingsfile,Hottle,,11/2/2020,
Tri-n-butyl phosphate,kg,=,Tributyl phosphate,kg,Edelen,CAS FEDEFL,Hottle,,11/2/2020,
Triphenyl phosphate,kg,=,Triphenyl phosphate,kg,Edelen,indexAll_mappingsfile,Hottle,,11/2/2020,
Tritium,kg,=,Tritium,kBq,Edelen,CAS FEDEFL,Hottle,,11/2/2020,
Tungsten,kg,=,Tungsten,kg,Edelen,indexAll_mappingsfile,Hottle,,11/2/2020,
Uranium-238,kg,=,Uranium,kg,Edelen,indexAll_mappingsfile,Hottle,,11/2/2020,
Urea,kg,=,Urea,kg,Edelen,indexAll_mappingsfile,Hottle,,11/2/2020,
Vanadium,kg,=,Vanadium,kg,Edelen,indexAll_mappingsfile,Hottle,,11/2/2020,
Vinyl acetate,kg,=,Vinyl acetate,kg,Edelen,indexAll_mappingsfile,Hottle,,11/2/2020,
Vinyl chloride,kg,=,Vinyl chloride,kg,Edelen,indexAll_mappingsfile,Hottle,,11/2/2020,
VOC,kg,=,Volatile organic compounds,kg,Edelen,manual match,Hottle,,11/2/2020,
"Volatile compounds, (GC/MS)",kg,=,Volatile organic compounds,kg,Edelen,manual match,Hottle,,11/2/2020,
Xylene,kg,=,Xylene,kg,Edelen,indexAll_mappingsfile,Hottle,,11/2/2020,
"Xylene, meta & para in combination",kg,=,p-Xylene,kg,Edelen,manual match,,Split,11/2/2020,0.5
"Xylene, meta & para in combination",kg,=,m-Xylene,kg,Edelen,manual match,,Split,11/2/2020,0.5
Zinc,kg,=,Zinc,kg,Edelen,indexAll_mappingsfile,Hottle,,11/2/2020,
Zirconium,kg,=,Zirconium,kg,Edelen,indexAll_mappingsfile,Hottle,,11/2/2020,
