,Identifiers,,Flow Property,,,Flow Context,,General Information,,,,
Flowable,CAS No,Formula,Synonyms,Flow property factor,Unit,Directionality,Compartment,External reference,Preferred,,,
"Acetates, branched alkyl C7-9 C-8-rich",108419-32-5,-,,mass,kg,Emission,air,https://ofmpub.epa.gov/sor_internet/registry/substreg/searchandretrieve/substancesearch/search.do?details=displayDetails&selectedSubstanceId=27220,1,,,
Aroclor 1260,11096-82-5,-,,mass,kg,Emission,air,https://ofmpub.epa.gov/sor_internet/registry/substreg/searchandretrieve/substancesearch/search.do?details=displayDetails&selectedSubstanceId=38820,1,,,
Aroclor 1260,11096-82-5,-,,mass,kg,Emission,ground,https://ofmpub.epa.gov/sor_internet/registry/substreg/searchandretrieve/substancesearch/search.do?details=displayDetails&selectedSubstanceId=38820,1,,,
Aroclor 1260,11096-82-5,-,,mass,kg,Emission,water,https://ofmpub.epa.gov/sor_internet/registry/substreg/searchandretrieve/substancesearch/search.do?details=displayDetails&selectedSubstanceId=38820,1,,,
Aroclor 1254,11097-69-1,-,,mass,kg,Emission,air,https://ofmpub.epa.gov/sor_internet/registry/substreg/searchandretrieve/substancesearch/search.do?details=displayDetails&selectedSubstanceId=38818,1,,,
Aroclor 1254,11097-69-1,-,,mass,kg,Emission,ground,https://ofmpub.epa.gov/sor_internet/registry/substreg/searchandretrieve/substancesearch/search.do?details=displayDetails&selectedSubstanceId=38818,1,,,
Aroclor 1254,11097-69-1,-,,mass,kg,Emission,water,https://ofmpub.epa.gov/sor_internet/registry/substreg/searchandretrieve/substancesearch/search.do?details=displayDetails&selectedSubstanceId=38818,1,,,
Nitrogen oxides,11104-93-1,-,,mass,kg,Emission,air,https://ofmpub.epa.gov/sor_internet/registry/substreg/searchandretrieve/substancesearch/search.do?details=displayDetails&selectedSubstanceId=38802,1,,,
Nitrogen oxides,11104-93-1,-,,mass,kg,Emission,ground,https://ofmpub.epa.gov/sor_internet/registry/substreg/searchandretrieve/substancesearch/search.do?details=displayDetails&selectedSubstanceId=38802,1,,,
Nitrogen oxides,11104-93-1,-,,mass,kg,Emission,water,https://ofmpub.epa.gov/sor_internet/registry/substreg/searchandretrieve/substancesearch/search.do?details=displayDetails&selectedSubstanceId=38802,1,,,
Aroclor 1016,12674-11-2,-,,mass,kg,Emission,air,https://ofmpub.epa.gov/sor_internet/registry/substreg/searchandretrieve/substancesearch/search.do?details=displayDetails&selectedSubstanceId=61981,1,,,
Aroclor 1016,12674-11-2,-,,mass,kg,Emission,ground,https://ofmpub.epa.gov/sor_internet/registry/substreg/searchandretrieve/substancesearch/search.do?details=displayDetails&selectedSubstanceId=61981,1,,,
Aroclor 1016,12674-11-2,-,,mass,kg,Emission,water,https://ofmpub.epa.gov/sor_internet/registry/substreg/searchandretrieve/substancesearch/search.do?details=displayDetails&selectedSubstanceId=61981,1,,,
Aroclor (unspecified),12767-79-2,-,,mass,kg,Emission,ground,https://ofmpub.epa.gov/sor_internet/registry/substreg/searchandretrieve/substancesearch/search.do?details=displayDetails&selectedSubstanceId=61959,1,,,
Aroclor (unspecified),12767-79-2,-,,mass,kg,Emission,water,https://ofmpub.epa.gov/sor_internet/registry/substreg/searchandretrieve/substancesearch/search.do?details=displayDetails&selectedSubstanceId=61959,1,,,
Dichloroethane,1300-21-6,-,,mass,kg,Emission,air,https://ofmpub.epa.gov/sor_internet/registry/substreg/searchandretrieve/substancesearch/search.do?details=displayDetails&selectedSubstanceId=43278,1,,,
Dichloroethane,1300-21-6,-,,mass,kg,Emission,ground,https://ofmpub.epa.gov/sor_internet/registry/substreg/searchandretrieve/substancesearch/search.do?details=displayDetails&selectedSubstanceId=43278,1,,,
Dichloroethane,1300-21-6,-,,mass,kg,Emission,water,https://ofmpub.epa.gov/sor_internet/registry/substreg/searchandretrieve/substancesearch/search.do?details=displayDetails&selectedSubstanceId=43278,1,,,
Polycyclic aromatic hydrocarbons,130498-29-2,-,,mass,kg,Emission,air,https://ofmpub.epa.gov/sor_internet/registry/substreg/searchandretrieve/substancesearch/search.do?details=displayDetails&selectedSubstanceId=84476,1,,,
Polycyclic aromatic hydrocarbons,130498-29-2,-,,mass,kg,Emission,ground,https://ofmpub.epa.gov/sor_internet/registry/substreg/searchandretrieve/substancesearch/search.do?details=displayDetails&selectedSubstanceId=84476,1,,,
Polycyclic aromatic hydrocarbons,130498-29-2,-,,mass,kg,Emission,water,https://ofmpub.epa.gov/sor_internet/registry/substreg/searchandretrieve/substancesearch/search.do?details=displayDetails&selectedSubstanceId=84476,1,,,
Antimony oxide,1327-33-9,-,,mass,kg,Emission,air,https://ofmpub.epa.gov/sor_internet/registry/substreg/searchandretrieve/substancesearch/search.do?details=displayDetails&selectedSubstanceId=43076,1,,,
Polychlorinated biphenyls,1336-36-3,C12,,mass,kg,Emission,air,https://ofmpub.epa.gov/sor_internet/registry/substreg/searchandretrieve/substancesearch/search.do?details=displayDetails&selectedSubstanceId=16366,1,,,
Polychlorinated biphenyls,1336-36-3,C12,,mass,kg,Emission,ground,https://ofmpub.epa.gov/sor_internet/registry/substreg/searchandretrieve/substancesearch/search.do?details=displayDetails&selectedSubstanceId=16366,1,,,
Polychlorinated biphenyls,1336-36-3,C12,,mass,kg,Emission,water,https://ofmpub.epa.gov/sor_internet/registry/substreg/searchandretrieve/substancesearch/search.do?details=displayDetails&selectedSubstanceId=16366,1,,,
Naphthenic acids,1338-24-5,-,,mass,kg,Emission,ground,https://ofmpub.epa.gov/sor_internet/registry/substreg/searchandretrieve/substancesearch/search.do?details=displayDetails&selectedSubstanceId=16362,1,,,
Naphthenic acids,1338-24-5,-,,mass,kg,Emission,water,https://ofmpub.epa.gov/sor_internet/registry/substreg/searchandretrieve/substancesearch/search.do?details=displayDetails&selectedSubstanceId=16362,1,,,
Chlorinated dibenzo-p-dioxins,136677-09-3,-,,mass,kg,Emission,air,https://ofmpub.epa.gov/sor_internet/registry/substreg/searchandretrieve/substancesearch/search.do?details=displayDetails&selectedSubstanceId=85485,1,,,
Chlorinated dibenzo-p-dioxins,136677-09-3,-,,mass,kg,Emission,ground,https://ofmpub.epa.gov/sor_internet/registry/substreg/searchandretrieve/substancesearch/search.do?details=displayDetails&selectedSubstanceId=85485,1,,,
Chlorinated dibenzo-p-dioxins,136677-09-3,-,,mass,kg,Emission,water,https://ofmpub.epa.gov/sor_internet/registry/substreg/searchandretrieve/substancesearch/search.do?details=displayDetails&selectedSubstanceId=85485,1,,,
Chlorinated dibenzofurans,136677-10-6,-,,mass,kg,Emission,air,https://ofmpub.epa.gov/sor_internet/registry/substreg/searchandretrieve/substancesearch/search.do?details=displayDetails&selectedSubstanceId=36001,1,,,
Chlorinated dibenzofurans,136677-10-6,-,,mass,kg,Emission,ground,https://ofmpub.epa.gov/sor_internet/registry/substreg/searchandretrieve/substancesearch/search.do?details=displayDetails&selectedSubstanceId=36001,1,,,
Chlorinated dibenzofurans,136677-10-6,-,,mass,kg,Emission,water,https://ofmpub.epa.gov/sor_internet/registry/substreg/searchandretrieve/substancesearch/search.do?details=displayDetails&selectedSubstanceId=36001,1,,,
Aflatoxins,1402-68-2,-,,mass,kg,Emission,air,https://ofmpub.epa.gov/sor_internet/registry/substreg/searchandretrieve/substancesearch/search.do?details=displayDetails&selectedSubstanceId=81225,1,,,
Aflatoxins,1402-68-2,-,,mass,kg,Emission,ground,https://ofmpub.epa.gov/sor_internet/registry/substreg/searchandretrieve/substancesearch/search.do?details=displayDetails&selectedSubstanceId=81225,1,,,
Aflatoxins,1402-68-2,-,,mass,kg,Emission,water,https://ofmpub.epa.gov/sor_internet/registry/substreg/searchandretrieve/substancesearch/search.do?details=displayDetails&selectedSubstanceId=81225,1,,,
"Benzene, 1,1'-ethylidenebis-, isopropylated, distn. residues",211578-04-0,-,,mass,kg,Emission,ground,https://ofmpub.epa.gov/sor_internet/registry/substreg/searchandretrieve/substancesearch/search.do?details=displayDetails&selectedSubstanceId=24210,1,,,
"Benzene, 1,1'-ethylidenebis-, isopropylated, distn. residues",211578-04-0,-,,mass,kg,Emission,water,https://ofmpub.epa.gov/sor_internet/registry/substreg/searchandretrieve/substancesearch/search.do?details=displayDetails&selectedSubstanceId=24210,1,,,
T-2 toxin,21259-20-1,C24H34O9,,mass,kg,Emission,air,https://comptox.epa.gov/dashboard/dsstoxdb/results?utf8=%E2%9C%93&search=DTXSID6021298,1,,,
T-2 toxin,21259-20-1,C24H34O9,,mass,kg,Emission,ground,https://comptox.epa.gov/dashboard/dsstoxdb/results?utf8=%E2%9C%93&search=DTXSID6021298,1,,,
T-2 toxin,21259-20-1,C24H34O9,,mass,kg,Emission,water,https://comptox.epa.gov/dashboard/dsstoxdb/results?utf8=%E2%9C%93&search=DTXSID6021298,1,,,
Tetrachlorodibenzofuran,30402-14-3,C12H4Cl4O,,mass,kg,Emission,air,https://ofmpub.epa.gov/sor_internet/registry/substreg/searchandretrieve/substancesearch/search.do?details=displayDetails&selectedSubstanceId=58786,1,,,
Tetrachlorodibenzofuran,30402-14-3,C12H4Cl4O,,mass,kg,Emission,ground,https://ofmpub.epa.gov/sor_internet/registry/substreg/searchandretrieve/substancesearch/search.do?details=displayDetails&selectedSubstanceId=58786,1,,,
Tetrachlorodibenzofuran,30402-14-3,C12H4Cl4O,,mass,kg,Emission,water,https://ofmpub.epa.gov/sor_internet/registry/substreg/searchandretrieve/substancesearch/search.do?details=displayDetails&selectedSubstanceId=58786,1,,,
Pentachlorodibenzofuran,30402-15-4,-,,mass,kg,Emission,air,https://ofmpub.epa.gov/sor_internet/registry/substreg/searchandretrieve/substancesearch/search.do?details=displayDetails&selectedSubstanceId=58785,1,,,
Pentachlorodibenzofuran,30402-15-4,-,,mass,kg,Emission,ground,https://ofmpub.epa.gov/sor_internet/registry/substreg/searchandretrieve/substancesearch/search.do?details=displayDetails&selectedSubstanceId=58785,1,,,
Pentachlorodibenzofuran,30402-15-4,-,,mass,kg,Emission,water,https://ofmpub.epa.gov/sor_internet/registry/substreg/searchandretrieve/substancesearch/search.do?details=displayDetails&selectedSubstanceId=58785,1,,,
Hydrocarbons,308067-53-0,-,,mass,kg,Emission,ground,https://ofmpub.epa.gov/sor_internet/registry/substreg/searchandretrieve/substancesearch/search.do?details=displayDetails&selectedSubstanceId=80291,1,,,
Hydrocarbons,308067-53-0,-,,mass,kg,Emission,water,https://ofmpub.epa.gov/sor_internet/registry/substreg/searchandretrieve/substancesearch/search.do?details=displayDetails&selectedSubstanceId=80291,1,,,
Perfluorocarbons,308069-13-8,-,,mass,kg,Emission,air,https://comptox.epa.gov/dashboard/dsstoxdb/results?utf8=%E2%9C%93&search=DTXSID60109225,1,,,
Bilanafos,35597-43-4,C11H22N3O6P,,mass,kg,Emission,air,https://comptox.epa.gov/dashboard/dsstoxdb/results?utf8=%E2%9C%93&search=DTXSID5058066,1,,,
Bilanafos,35597-43-4,C11H22N3O6P,,mass,kg,Emission,ground,https://comptox.epa.gov/dashboard/dsstoxdb/results?utf8=%E2%9C%93&search=DTXSID5058066,1,,,
Bilanafos,35597-43-4,C11H22N3O6P,,mass,kg,Emission,water,https://comptox.epa.gov/dashboard/dsstoxdb/results?utf8=%E2%9C%93&search=DTXSID5058066,1,,,
Pentachlorodibenzo-p-dioxin,36088-22-9,-,,mass,kg,Emission,air,https://ofmpub.epa.gov/sor_internet/registry/substreg/searchandretrieve/substancesearch/search.do?details=displayDetails&selectedSubstanceId=53363,1,,,
Pentachlorodibenzo-p-dioxin,36088-22-9,-,,mass,kg,Emission,ground,https://ofmpub.epa.gov/sor_internet/registry/substreg/searchandretrieve/substancesearch/search.do?details=displayDetails&selectedSubstanceId=53363,1,,,
Pentachlorodibenzo-p-dioxin,36088-22-9,-,,mass,kg,Emission,water,https://ofmpub.epa.gov/sor_internet/registry/substreg/searchandretrieve/substancesearch/search.do?details=displayDetails&selectedSubstanceId=53363,1,,,
Heptachlorodibenzo-p-dioxin,37871-00-4,-,,mass,kg,Emission,air,https://ofmpub.epa.gov/sor_internet/registry/substreg/searchandretrieve/substancesearch/search.do?details=displayDetails&selectedSubstanceId=94201,1,,,
Heptachlorodibenzo-p-dioxin,37871-00-4,-,,mass,kg,Emission,ground,https://ofmpub.epa.gov/sor_internet/registry/substreg/searchandretrieve/substancesearch/search.do?details=displayDetails&selectedSubstanceId=94201,1,,,
Heptachlorodibenzo-p-dioxin,37871-00-4,-,,mass,kg,Emission,water,https://ofmpub.epa.gov/sor_internet/registry/substreg/searchandretrieve/substancesearch/search.do?details=displayDetails&selectedSubstanceId=94201,1,,,
Heptachlorodibenzofuran,38998-75-3,-,,mass,kg,Emission,air,https://ofmpub.epa.gov/sor_internet/registry/substreg/searchandretrieve/substancesearch/search.do?details=displayDetails&selectedSubstanceId=53526,1,,,
Heptachlorodibenzofuran,38998-75-3,-,,mass,kg,Emission,ground,https://ofmpub.epa.gov/sor_internet/registry/substreg/searchandretrieve/substancesearch/search.do?details=displayDetails&selectedSubstanceId=53526,1,,,
Heptachlorodibenzofuran,38998-75-3,-,,mass,kg,Emission,water,https://ofmpub.epa.gov/sor_internet/registry/substreg/searchandretrieve/substancesearch/search.do?details=displayDetails&selectedSubstanceId=53526,1,,,
Tetrachlorodibenzo-p-dioxin,41903-57-5,-,,mass,kg,Emission,air,https://ofmpub.epa.gov/sor_internet/registry/substreg/searchandretrieve/substancesearch/search.do?details=displayDetails&selectedSubstanceId=54307,1,,,
Tetrachlorodibenzo-p-dioxin,41903-57-5,-,,mass,kg,Emission,ground,https://ofmpub.epa.gov/sor_internet/registry/substreg/searchandretrieve/substancesearch/search.do?details=displayDetails&selectedSubstanceId=54307,1,,,
Tetrachlorodibenzo-p-dioxin,41903-57-5,-,,mass,kg,Emission,water,https://ofmpub.epa.gov/sor_internet/registry/substreg/searchandretrieve/substancesearch/search.do?details=displayDetails&selectedSubstanceId=54307,1,,,
Sodium chlorate mixt. with sodium metaborate,52623-84-4,-,,mass,kg,Emission,ground,https://ofmpub.epa.gov/sor_internet/registry/substreg/searchandretrieve/substancesearch/search.do?details=displayDetails&selectedSubstanceId=55288,1,,,
Sodium chlorate mixt. with sodium metaborate,52623-84-4,-,,mass,kg,Emission,water,https://ofmpub.epa.gov/sor_internet/registry/substreg/searchandretrieve/substancesearch/search.do?details=displayDetails&selectedSubstanceId=55288,1,,,
Hexachlorodibenzofuran,55684-94-1,-,,mass,kg,Emission,air,https://ofmpub.epa.gov/sor_internet/registry/substreg/searchandretrieve/substancesearch/search.do?details=displayDetails&selectedSubstanceId=49568,1,,,
Hexachlorodibenzofuran,55684-94-1,-,,mass,kg,Emission,ground,https://ofmpub.epa.gov/sor_internet/registry/substreg/searchandretrieve/substancesearch/search.do?details=displayDetails&selectedSubstanceId=49568,1,,,
Hexachlorodibenzofuran,55684-94-1,-,,mass,kg,Emission,water,https://ofmpub.epa.gov/sor_internet/registry/substreg/searchandretrieve/substancesearch/search.do?details=displayDetails&selectedSubstanceId=49568,1,,,
Aromatic hydrocarbons,63231-51-6,-,,mass,kg,Emission,ground,https://ofmpub.epa.gov/sor_internet/registry/substreg/searchandretrieve/substancesearch/search.do?details=displayDetails&selectedSubstanceId=81718,1,,,
Aromatic hydrocarbons,63231-51-6,-,,mass,kg,Emission,water,https://ofmpub.epa.gov/sor_internet/registry/substreg/searchandretrieve/substancesearch/search.do?details=displayDetails&selectedSubstanceId=81718,1,,,
Naphthalenesulfonic acids,68153-01-5,-,,mass,kg,Emission,air,https://ofmpub.epa.gov/sor_internet/registry/substreg/searchandretrieve/substancesearch/search.do?details=displayDetails&selectedSubstanceId=14941,1,,,
Naphthalenesulfonic acids,68153-01-5,-,,mass,kg,Emission,ground,https://ofmpub.epa.gov/sor_internet/registry/substreg/searchandretrieve/substancesearch/search.do?details=displayDetails&selectedSubstanceId=14941,1,,,
Naphthalenesulfonic acids,68153-01-5,-,,mass,kg,Emission,water,https://ofmpub.epa.gov/sor_internet/registry/substreg/searchandretrieve/substancesearch/search.do?details=displayDetails&selectedSubstanceId=14941,1,,,
"Benzenesulfonic acid, alkyl derivs. C10-13, sodium salts",68411-30-3,-,,mass,kg,Emission,air,https://ofmpub.epa.gov/sor_internet/registry/substreg/searchandretrieve/substancesearch/search.do?details=displayDetails&selectedSubstanceId=69707,1,,,
"Benzenesulfonic acid, alkyl derivs. C10-13, sodium salts",68411-30-3,-,,mass,kg,Emission,ground,https://ofmpub.epa.gov/sor_internet/registry/substreg/searchandretrieve/substancesearch/search.do?details=displayDetails&selectedSubstanceId=69707,1,,,
"Benzenesulfonic acid, alkyl derivs. C10-13, sodium salts",68411-30-3,-,,mass,kg,Emission,water,https://ofmpub.epa.gov/sor_internet/registry/substreg/searchandretrieve/substancesearch/search.do?details=displayDetails&selectedSubstanceId=69707,1,,,
"Alcohols, ethoxylated C12-14",68439-50-9,-,,mass,kg,Emission,air,https://ofmpub.epa.gov/sor_internet/registry/substreg/searchandretrieve/substancesearch/search.do?details=displayDetails&selectedSubstanceId=12603,1,,,
"Alcohols, ethoxylated C12-14",68439-50-9,-,,mass,kg,Emission,ground,https://ofmpub.epa.gov/sor_internet/registry/substreg/searchandretrieve/substancesearch/search.do?details=displayDetails&selectedSubstanceId=12603,1,,,
"Alcohols, ethoxylated C12-14",68439-50-9,-,,mass,kg,Emission,water,https://ofmpub.epa.gov/sor_internet/registry/substreg/searchandretrieve/substancesearch/search.do?details=displayDetails&selectedSubstanceId=12603,1,,,
"Phthalates, branched and linear dialkyl C7-11",68515-42-4,-,,mass,kg,Emission,air,https://ofmpub.epa.gov/sor_internet/registry/substreg/searchandretrieve/substancesearch/search.do?details=displayDetails&selectedSubstanceId=82153,1,,,
"Phthalates, branched and linear dialkyl C7-11",68515-42-4,-,,mass,kg,Emission,ground,https://ofmpub.epa.gov/sor_internet/registry/substreg/searchandretrieve/substancesearch/search.do?details=displayDetails&selectedSubstanceId=82153,1,,,
"Phthalates, branched and linear dialkyl C7-11",68515-42-4,-,,mass,kg,Emission,water,https://ofmpub.epa.gov/sor_internet/registry/substreg/searchandretrieve/substancesearch/search.do?details=displayDetails&selectedSubstanceId=82153,1,,,
"Phthalates, branched and linear dialkyl C9-11",68515-43-5,-,,mass,kg,Emission,air,https://ofmpub.epa.gov/sor_internet/registry/substreg/searchandretrieve/substancesearch/search.do?details=displayDetails&selectedSubstanceId=11221,1,,,
"Phthalates, branched and linear dialkyl C9-11",68515-43-5,-,,mass,kg,Emission,ground,https://ofmpub.epa.gov/sor_internet/registry/substreg/searchandretrieve/substancesearch/search.do?details=displayDetails&selectedSubstanceId=11221,1,,,
"Phthalates, branched and linear dialkyl C9-11",68515-43-5,-,,mass,kg,Emission,water,https://ofmpub.epa.gov/sor_internet/registry/substreg/searchandretrieve/substancesearch/search.do?details=displayDetails&selectedSubstanceId=11221,1,,,
"Phthalates, branched dialkyl C11-14, C13-rich",68515-47-9,-,,mass,kg,Emission,air,https://ofmpub.epa.gov/sor_internet/registry/substreg/searchandretrieve/substancesearch/search.do?details=displayDetails&selectedSubstanceId=11217,1,,,
"Phthalates, branched dialkyl C11-14, C13-rich",68515-47-9,-,,mass,kg,Emission,ground,https://ofmpub.epa.gov/sor_internet/registry/substreg/searchandretrieve/substancesearch/search.do?details=displayDetails&selectedSubstanceId=11217,1,,,
"Phthalates, branched dialkyl C11-14, C13-rich",68515-47-9,-,,mass,kg,Emission,water,https://ofmpub.epa.gov/sor_internet/registry/substreg/searchandretrieve/substancesearch/search.do?details=displayDetails&selectedSubstanceId=11217,1,,,
"Phthalates, branched dialkyl C8-10, C9-rich",68515-48-0,-,,mass,kg,Emission,air,https://ofmpub.epa.gov/sor_internet/registry/substreg/searchandretrieve/substancesearch/search.do?details=displayDetails&selectedSubstanceId=11216,1,,,
"Phthalates, branched dialkyl C8-10, C9-rich",68515-48-0,-,,mass,kg,Emission,ground,https://ofmpub.epa.gov/sor_internet/registry/substreg/searchandretrieve/substancesearch/search.do?details=displayDetails&selectedSubstanceId=11216,1,,,
"Phthalates, branched dialkyl C8-10, C9-rich",68515-48-0,-,,mass,kg,Emission,water,https://ofmpub.epa.gov/sor_internet/registry/substreg/searchandretrieve/substancesearch/search.do?details=displayDetails&selectedSubstanceId=11216,1,,,
"Phthalates, branched dialkyl C9-11, C10-rich",68515-49-1,-,,mass,kg,Emission,air,https://ofmpub.epa.gov/sor_internet/registry/substreg/searchandretrieve/substancesearch/search.do?details=displayDetails&selectedSubstanceId=11215,1,,,
"Phthalates, branched dialkyl C9-11, C10-rich",68515-49-1,-,,mass,kg,Emission,ground,https://ofmpub.epa.gov/sor_internet/registry/substreg/searchandretrieve/substancesearch/search.do?details=displayDetails&selectedSubstanceId=11215,1,,,
"Phthalates, branched dialkyl C9-11, C10-rich",68515-49-1,-,,mass,kg,Emission,water,https://ofmpub.epa.gov/sor_internet/registry/substreg/searchandretrieve/substancesearch/search.do?details=displayDetails&selectedSubstanceId=11215,1,,,
"Phthalates, dialkyl C6-10",68515-51-5,-,,mass,kg,Emission,air,https://ofmpub.epa.gov/sor_internet/registry/substreg/searchandretrieve/substancesearch/search.do?details=displayDetails&selectedSubstanceId=11213,1,,,
"Phthalates, dialkyl C6-10",68515-51-5,-,,mass,kg,Emission,ground,https://ofmpub.epa.gov/sor_internet/registry/substreg/searchandretrieve/substancesearch/search.do?details=displayDetails&selectedSubstanceId=11213,1,,,
"Phthalates, dialkyl C6-10",68515-51-5,-,,mass,kg,Emission,water,https://ofmpub.epa.gov/sor_internet/registry/substreg/searchandretrieve/substancesearch/search.do?details=displayDetails&selectedSubstanceId=11213,1,,,
"Alcohols, C11-14-iso-, C13-rich",68526-86-3,-,,mass,kg,Emission,air,https://ofmpub.epa.gov/sor_internet/registry/substreg/searchandretrieve/substancesearch/search.do?details=displayDetails&selectedSubstanceId=10402,1,,,
"Alcohols, C11-14-iso-, C13-rich",68526-86-3,-,,mass,kg,Emission,ground,https://ofmpub.epa.gov/sor_internet/registry/substreg/searchandretrieve/substancesearch/search.do?details=displayDetails&selectedSubstanceId=10402,1,,,
"Alcohols, C11-14-iso-, C13-rich",68526-86-3,-,,mass,kg,Emission,water,https://ofmpub.epa.gov/sor_internet/registry/substreg/searchandretrieve/substancesearch/search.do?details=displayDetails&selectedSubstanceId=10402,1,,,
"Alcohols, C6-12",68603-15-6,-,,mass,kg,Emission,air,https://ofmpub.epa.gov/sor_internet/registry/substreg/searchandretrieve/substancesearch/search.do?details=displayDetails&selectedSubstanceId=11156,1,,,
"Alcohols, C6-12",68603-15-6,-,,mass,kg,Emission,ground,https://ofmpub.epa.gov/sor_internet/registry/substreg/searchandretrieve/substancesearch/search.do?details=displayDetails&selectedSubstanceId=11156,1,,,
"Alcohols, C6-12",68603-15-6,-,,mass,kg,Emission,water,https://ofmpub.epa.gov/sor_internet/registry/substreg/searchandretrieve/substancesearch/search.do?details=displayDetails&selectedSubstanceId=11156,1,,,
"Carboxylic acids, di-, C4-6",68603-87-2,-,,mass,kg,Emission,air,https://ofmpub.epa.gov/sor_internet/registry/substreg/searchandretrieve/substancesearch/search.do?details=displayDetails&selectedSubstanceId=10964,1,,,
"Carboxylic acids, di-, C4-6",68603-87-2,-,,mass,kg,Emission,ground,https://ofmpub.epa.gov/sor_internet/registry/substreg/searchandretrieve/substancesearch/search.do?details=displayDetails&selectedSubstanceId=10964,1,,,
"Carboxylic acids, di-, C4-6",68603-87-2,-,,mass,kg,Emission,water,https://ofmpub.epa.gov/sor_internet/registry/substreg/searchandretrieve/substancesearch/search.do?details=displayDetails&selectedSubstanceId=10964,1,,,
Alkane sulfonic acids sodium salts,68608-15-1,-,,mass,kg,Emission,air,https://ofmpub.epa.gov/sor_internet/registry/substreg/searchandretrieve/substancesearch/search.do?details=displayDetails&selectedSubstanceId=9967,1,,,
Alkane sulfonic acids sodium salts,68608-15-1,-,,mass,kg,Emission,ground,https://ofmpub.epa.gov/sor_internet/registry/substreg/searchandretrieve/substancesearch/search.do?details=displayDetails&selectedSubstanceId=9967,1,,,
Alkane sulfonic acids sodium salts,68608-15-1,-,,mass,kg,Emission,water,https://ofmpub.epa.gov/sor_internet/registry/substreg/searchandretrieve/substancesearch/search.do?details=displayDetails&selectedSubstanceId=9967,1,,,
"Benzene, alkyl derivs. C10-16",68648-87-3,-,,mass,kg,Emission,air,https://ofmpub.epa.gov/sor_internet/registry/substreg/searchandretrieve/substancesearch/search.do?details=displayDetails&selectedSubstanceId=11457,1,,,
"Benzene, alkyl derivs. C10-16",68648-87-3,-,,mass,kg,Emission,ground,https://ofmpub.epa.gov/sor_internet/registry/substreg/searchandretrieve/substancesearch/search.do?details=displayDetails&selectedSubstanceId=11457,1,,,
"Benzene, alkyl derivs. C10-16",68648-87-3,-,,mass,kg,Emission,water,https://ofmpub.epa.gov/sor_internet/registry/substreg/searchandretrieve/substancesearch/search.do?details=displayDetails&selectedSubstanceId=11457,1,,,
"Fatty acids, C9-13-neo-",68938-07-8,-,,mass,kg,Emission,air,https://ofmpub.epa.gov/sor_internet/registry/substreg/searchandretrieve/substancesearch/search.do?details=displayDetails&selectedSubstanceId=8552,1,,,
"Fatty acids, C9-13-neo-",68938-07-8,-,,mass,kg,Emission,ground,https://ofmpub.epa.gov/sor_internet/registry/substreg/searchandretrieve/substancesearch/search.do?details=displayDetails&selectedSubstanceId=8552,1,,,
"Fatty acids, C9-13-neo-",68938-07-8,-,,mass,kg,Emission,water,https://ofmpub.epa.gov/sor_internet/registry/substreg/searchandretrieve/substancesearch/search.do?details=displayDetails&selectedSubstanceId=8552,1,,,
Phthalic acid mixed decyl and lauryl and octyl diesters,70693-30-0,-,,mass,kg,Emission,air,https://ofmpub.epa.gov/sor_internet/registry/substreg/searchandretrieve/substancesearch/search.do?details=displayDetails&selectedSubstanceId=29084,1,,,
Phthalic acid mixed decyl and lauryl and octyl diesters,70693-30-0,-,,mass,kg,Emission,ground,https://ofmpub.epa.gov/sor_internet/registry/substreg/searchandretrieve/substancesearch/search.do?details=displayDetails&selectedSubstanceId=29084,1,,,
Phthalic acid mixed decyl and lauryl and octyl diesters,70693-30-0,-,,mass,kg,Emission,water,https://ofmpub.epa.gov/sor_internet/registry/substreg/searchandretrieve/substancesearch/search.do?details=displayDetails&selectedSubstanceId=29084,1,,,
"Phthalates, dialkyl C8-10",71662-46-9,-,,mass,kg,Emission,air,https://ofmpub.epa.gov/sor_internet/registry/substreg/searchandretrieve/substancesearch/search.do?details=displayDetails&selectedSubstanceId=27834,1,,,
"Phthalates, dialkyl C8-10",71662-46-9,-,,mass,kg,Emission,ground,https://ofmpub.epa.gov/sor_internet/registry/substreg/searchandretrieve/substancesearch/search.do?details=displayDetails&selectedSubstanceId=27834,1,,,
"Phthalates, dialkyl C8-10",71662-46-9,-,,mass,kg,Emission,water,https://ofmpub.epa.gov/sor_internet/registry/substreg/searchandretrieve/substancesearch/search.do?details=displayDetails&selectedSubstanceId=27834,1,,,
"Bulan mixt. with 2-nitro-1,1-bis(p-chlorophenyl)propane",8027-00-7,-,,mass,kg,Emission,air,https://ofmpub.epa.gov/sor_internet/registry/substreg/searchandretrieve/substancesearch/search.do?details=displayDetails&selectedSubstanceId=87185,1,,,
"Bulan mixt. with 2-nitro-1,1-bis(p-chlorophenyl)propane",8027-00-7,-,,mass,kg,Emission,ground,https://ofmpub.epa.gov/sor_internet/registry/substreg/searchandretrieve/substancesearch/search.do?details=displayDetails&selectedSubstanceId=87185,1,,,
"Bulan mixt. with 2-nitro-1,1-bis(p-chlorophenyl)propane",8027-00-7,-,,mass,kg,Emission,water,https://ofmpub.epa.gov/sor_internet/registry/substreg/searchandretrieve/substancesearch/search.do?details=displayDetails&selectedSubstanceId=87185,1,,,
Gibberellin A4 mixture with Gibberellin A7,8030-53-3,-,,mass,kg,Emission,air,https://ofmpub.epa.gov/sor_internet/registry/substreg/searchandretrieve/substancesearch/search.do?details=displayDetails&selectedSubstanceId=38286,1,,,
Gibberellin A4 mixture with Gibberellin A7,8030-53-3,-,,mass,kg,Emission,ground,https://ofmpub.epa.gov/sor_internet/registry/substreg/searchandretrieve/substancesearch/search.do?details=displayDetails&selectedSubstanceId=38286,1,,,
Gibberellin A4 mixture with Gibberellin A7,8030-53-3,-,,mass,kg,Emission,water,https://ofmpub.epa.gov/sor_internet/registry/substreg/searchandretrieve/substancesearch/search.do?details=displayDetails&selectedSubstanceId=38286,1,,,
"Alkenes, C15-18",93762-80-2,-,,mass,kg,Emission,air,https://ofmpub.epa.gov/sor_internet/registry/substreg/searchandretrieve/substancesearch/search.do?details=displayDetails&selectedSubstanceId=26190,1,,,
"Alkenes, C15-18",93762-80-2,-,,mass,kg,Emission,ground,https://ofmpub.epa.gov/sor_internet/registry/substreg/searchandretrieve/substancesearch/search.do?details=displayDetails&selectedSubstanceId=26190,1,,,
"Alkenes, C15-18",93762-80-2,-,,mass,kg,Emission,water,https://ofmpub.epa.gov/sor_internet/registry/substreg/searchandretrieve/substancesearch/search.do?details=displayDetails&selectedSubstanceId=26190,1,,,
"Hydrocarbons, C7",93924-37-9,-,,mass,kg,Emission,air,https://comptox.epa.gov/dashboard/dsstoxdb/results?utf8=%E2%9C%93&search=DTXSID20109221,1,,,
"Hydrocarbons, C9",93924-40-4,-,,mass,kg,Emission,air,https://comptox.epa.gov/dashboard/dsstoxdb/results?utf8=%E2%9C%93&search=DTXSID80109222,1,,,
"Hydrocarbons, C10",93924-41-5,-,,mass,kg,Emission,air,https://ofmpub.epa.gov/sor_internet/registry/substreg/searchandretrieve/substancesearch/search.do?details=displayDetails&selectedSubstanceId=80812,1,,,
"Hydrocarbons, C11",93924-43-7,-,,mass,kg,Emission,air,https://comptox.epa.gov/dashboard/dsstoxdb/results?utf8=%E2%9C%93&search=DTXSID40109223,1,,,
"Hydrocarbons, C12",93924-44-8,-,,mass,kg,Emission,air,https://ofmpub.epa.gov/sor_internet/registry/substreg/searchandretrieve/substancesearch/search.do?details=displayDetails&selectedSubstanceId=80811,1,,,
"Hydrocarbons, C13",93924-46-0,-,,mass,kg,Emission,air,https://comptox.epa.gov/dashboard/dsstoxdb/results?utf8=%E2%9C%93&search=DTXSID00109224,1,,,
"Hydrocarbons, C14",93924-47-1,-,,mass,kg,Emission,air,https://ofmpub.epa.gov/sor_internet/registry/substreg/searchandretrieve/substancesearch/search.do?details=displayDetails&selectedSubstanceId=80810,1,,,
Tetrachlorvinphos (mixed isomers),961-11-5,C10H9Cl4O4P,,mass,kg,Emission,air,https://ofmpub.epa.gov/sor_internet/registry/substreg/searchandretrieve/substancesearch/search.do?details=displayDetails&selectedSubstanceId=87419,1,,,
Tetrachlorvinphos (mixed isomers),961-11-5,C10H9Cl4O4P,,mass,kg,Emission,ground,https://ofmpub.epa.gov/sor_internet/registry/substreg/searchandretrieve/substancesearch/search.do?details=displayDetails&selectedSubstanceId=87419,1,,,
Tetrachlorvinphos (mixed isomers),961-11-5,C10H9Cl4O4P,,mass,kg,Emission,water,https://ofmpub.epa.gov/sor_internet/registry/substreg/searchandretrieve/substancesearch/search.do?details=displayDetails&selectedSubstanceId=87419,1,,,
Sitosterols,12002-39-0,-,,mass,kg,Emission,air,,1,,,
"Ethanes, chlorinated",68411-72-3,-,,mass,kg,Emission,ground,https://ofmpub.epa.gov/sor_internet/registry/substreg/searchandretrieve/substancesearch/search.do?details=displayDetails&selectedSubstanceId=12076,1,,,
"Ethanes, chlorinated",68411-72-3,-,,mass,kg,Emission,water,https://ofmpub.epa.gov/sor_internet/registry/substreg/searchandretrieve/substancesearch/search.do?details=displayDetails&selectedSubstanceId=12076,1,,,
"Phosphoric acid, reaction products with aluminum hydroxide and chromium oxide",92203-02-6,-,,mass,kg,Emission,air,https://ofmpub.epa.gov/sor_internet/registry/substreg/searchandretrieve/substancesearch/search.do?details=displayDetails&selectedSubstanceId=26267,1,,,
"1,4:5,8-Dimethanonaphthalene, 1,2,3,4,10,10-hexachloro-1,4,4a,5,8,8a-hexahydro-, (1.alpha.,4.alpha.,4a.beta.,5.alpha.,8.alpha.,8a.beta.)- and/or  (1a.alpha.,2.beta.,2a.alpha.,3.beta.,6.beta.,6a.alpha.,7.beta.,7a.alpha.)-3,4,5,6,9,9-hexachloro-1a,2,2a,3,6,6a,7,7a-octahydro2,7:3,6-Dimethanonaphth(2,3-b)oxirene, total",#VALUE!,#VALUE!,,#VALUE!,#VALUE!,Emission,ground,#VALUE!,1,,,
"1,4:5,8-Dimethanonaphthalene, 1,2,3,4,10,10-hexachloro-1,4,4a,5,8,8a-hexahydro-, (1.alpha.,4.alpha.,4a.beta.,5.alpha.,8.alpha.,8a.beta.)- and/or  (1a.alpha.,2.beta.,2a.alpha.,3.beta.,6.beta.,6a.alpha.,7.beta.,7a.alpha.)-3,4,5,6,9,9-hexachloro-1a,2,2a,3,6,6a,7,7a-octahydro2,7:3,6-Dimethanonaphth(2,3-b)oxirene, total",#VALUE!,#VALUE!,,#VALUE!,#VALUE!,Emission,water,#VALUE!,1,,,
"1-Butene, mixt with isobutene",n.a.,-,,mass,kg,Emission,air,,1,,,
"2,7:3,6-Dimethanonaphth[2,3-b]oxirene, 3,4,5,6,9,9-hexachloro-1a,2,2a,3,6,6a,7,7a-octahydro-, (1aR,2R,2aR,3R,6S,6aS,7S,7aS)-rel- and 1,2,4-Methenocyclopenta[cd]pentalene-5-carboxaldehyde, 2,2a,3,3,4,7-hexachlorodecahydro-, (1.alpha.,2.beta.,2a.beta.,4.beta.,4a.beta.,5.beta.,6a.beta.,6b.beta.,7R*)-, total",#VALUE!,#VALUE!,,#VALUE!,#VALUE!,Emission,ground,#VALUE!,1,,,
"2,7:3,6-Dimethanonaphth[2,3-b]oxirene, 3,4,5,6,9,9-hexachloro-1a,2,2a,3,6,6a,7,7a-octahydro-, (1aR,2R,2aR,3R,6S,6aS,7S,7aS)-rel- and 1,2,4-Methenocyclopenta[cd]pentalene-5-carboxaldehyde, 2,2a,3,3,4,7-hexachlorodecahydro-, (1.alpha.,2.beta.,2a.beta.,4.beta.,4a.beta.,5.beta.,6a.beta.,6b.beta.,7R*)-, total",#VALUE!,#VALUE!,,#VALUE!,#VALUE!,Emission,water,#VALUE!,1,,,
Acid compounds,n.a.,-,,mass,kg,Emission,air,,1,,,
Acid compounds,n.a.,-,,mass,kg,Emission,ground,,1,,,
Acid compounds,n.a.,-,,mass,kg,Emission,water,,1,,,
Adsorbable organic halides,n.a.,-,,mass,kg,Emission,ground,,1,,,
Adsorbable organic halides,n.a.,-,,mass,kg,Emission,water,,1,,,
"Aggregated compounds, exempt",n.a.,-,,mass,kg,Emission,air,,1,,,
Alcohols,n.a.,-,,mass,kg,Emission,air,,1,,,
"Algicides, general",n.a.,-,,mass,kg,Emission,ground,,1,,,
"Algicides, general",n.a.,-,,mass,kg,Emission,water,,1,,,
Aliphatics,n.a.,-,,mass,kg,Emission,air,,1,,,
Alpha emitting radium isotopes,n.a.,-,,mass,kg,Emission,ground,https://ofmpub.epa.gov/sor_internet/registry/substreg/searchandretrieve/substancesearch/search.do?details=displayDetails&selectedSubstanceId=80394,1,,,
Alpha emitting radium isotopes,n.a.,-,,mass,kg,Emission,water,https://ofmpub.epa.gov/sor_internet/registry/substreg/searchandretrieve/substancesearch/search.do?details=displayDetails&selectedSubstanceId=80394,1,,,
Amines,n.a.,-,,mass,kg,Emission,air,,1,,,
Anesthetics,n.a.,-,,mass,kg,Emission,ground,,1,,,
Anesthetics,n.a.,-,,mass,kg,Emission,water,,1,,,
Antimony compounds,n.a.,-,,mass,kg,Emission,air,,1,,,
Antimony compounds,n.a.,-,,mass,kg,Emission,ground,,1,,,
Antimony compounds,n.a.,-,,mass,kg,Emission,water,,1,,,
"Arsenic compounds, inorganic",n.a.,-,,mass,kg,Emission,air,https://ofmpub.epa.gov/sor_internet/registry/substreg/searchandretrieve/substancesearch/search.do?details=displayDetails&selectedSubstanceId=78874,1,,,
Arsenic compounds,n.a.,-,,mass,kg,Emission,air,,1,,,
Arsenic compounds,n.a.,-,,mass,kg,Emission,ground,,1,,,
Arsenic compounds,n.a.,-,,mass,kg,Emission,water,,1,,,
Barium compounds,n.a.,-,,mass,kg,Emission,air,,1,,,
Barium compounds,n.a.,-,,mass,kg,Emission,ground,,1,,,
Barium compounds,n.a.,-,,mass,kg,Emission,water,,1,,,
Base neutrals and acids,n.a.,-,,mass,kg,Emission,ground,,1,,,
Base neutrals and acids,n.a.,-,,mass,kg,Emission,water,,1,,,
Base/neutral compounds,n.a.,-,,mass,kg,Emission,ground,,1,,,
Base/neutral compounds,n.a.,-,,mass,kg,Emission,water,,1,,,
Benz[a]anthracene mixt. with chrysene,n.a.,-,,mass,kg,Emission,air,https://ofmpub.epa.gov/sor_internet/registry/substreg/searchandretrieve/substancesearch/search.do?details=displayDetails&selectedSubstanceId=96233,1,,,
"Benzene mixt. with methylbenzene, ethylbenzene, and dimethylbenzene",n.a.,-,,mass,kg,Emission,ground,,1,,,
"Benzene mixt. with methylbenzene, ethylbenzene, and dimethylbenzene",n.a.,-,,mass,kg,Emission,water,,1,,,
Benzene soluble organics,n.a.,-,,mass,kg,Emission,air,,1,,,
"Benzene, 1,2,4-trimethyl-, mixt with tert-butylbenzene",n.a.,-,,mass,kg,Emission,air,,1,,,
"Benzene, 1,2-dimethyl and 1,4-dimethylbenzene, total",n.a.,-,,mass,kg,Emission,ground,,1,,,
"Benzene, 1,2-dimethyl and 1,4-dimethylbenzene, total",n.a.,-,,mass,kg,Emission,water,,1,,,
"Benzene, 1,3-dimethyl and 1,4-dimethylbenzene, total",n.a.,-,,mass,kg,Emission,ground,,1,,,
"Benzene, 1,3-dimethyl and 1,4-dimethylbenzene, total",n.a.,-,,mass,kg,Emission,water,,1,,,
"Benzene, 1,4-diethyl-, mixt with n-butylbenzene",n.a.,-,,mass,kg,Emission,air,,1,,,
"Benzene, 1-chloro-2-[2,2,2-trichloro-1-(4-chlorophenyl)ethyl]-, 1,1'-(2,2,2-trichloroethylidene)bis[4-chlorobenzene], 1-chloro-2-[2,2-dichloro-1-(4-chlorophenyl)ethyl]benzene], 1,1'-(2,2-dichloroethylidene)bis[4-chlorobenzene], 1-chloro-2-[2,2-dichloro-1-(4-chlorophenyl)ethenyl]benzene, and 1,1'-(dichloroethenylidene)bis[4-chlorobenzene] and metabolites",#VALUE!,#VALUE!,,#VALUE!,#VALUE!,Emission,ground,#VALUE!,1,,,
"Benzene, 1-chloro-2-[2,2,2-trichloro-1-(4-chlorophenyl)ethyl]-, 1,1'-(2,2,2-trichloroethylidene)bis[4-chlorobenzene], 1-chloro-2-[2,2-dichloro-1-(4-chlorophenyl)ethyl]benzene], 1,1'-(2,2-dichloroethylidene)bis[4-chlorobenzene], 1-chloro-2-[2,2-dichloro-1-(4-chlorophenyl)ethenyl]benzene, and 1,1'-(dichloroethenylidene)bis[4-chlorobenzene] and metabolites",#VALUE!,#VALUE!,,#VALUE!,#VALUE!,Emission,water,#VALUE!,1,,,
"Benzene, 1-methyl-4-propyl-, mixt with 1,4-diethylbenzene",n.a.,-,,mass,kg,Emission,air,,1,,,
"Benzene, 2-methyl-1,3,5- and hexahydro-1,3,5-trinitro-1,3,5-Triazine and N-methyl-N,2,4,6-tetranitrobenzenamine, total",n.a.,-,,mass,kg,Emission,ground,,1,,,
"Benzene, 2-methyl-1,3,5- and hexahydro-1,3,5-trinitro-1,3,5-Triazine and N-methyl-N,2,4,6-tetranitrobenzenamine, total",n.a.,-,,mass,kg,Emission,water,,1,,,
"Benzene, methyl benzene, and dimethyl benzene, total",n.a.,-,,mass,kg,Emission,ground,,1,,,
"Benzene, methyl benzene, and dimethyl benzene, total",n.a.,-,,mass,kg,Emission,water,,1,,,
"Benzo[b}fluoranthene, mixt with benzo[j]fluoranthene and benzo[k]fluoranthene",n.a.,-,,mass,kg,Emission,air,,1,,,
"Benzoic acid, 4-hydroxy-, methyl and propyl esters",n.a.,-,,mass,kg,Emission,ground,,1,,,
"Benzoic acid, 4-hydroxy-, methyl and propyl esters",n.a.,-,,mass,kg,Emission,water,,1,,,
Benzoic acids,n.a.,-,,mass,kg,Emission,ground,,1,,,
Benzoic acids,n.a.,-,,mass,kg,Emission,water,,1,,,
Beryllium compounds,n.a.,-,,mass,kg,Emission,air,,1,,,
Beryllium compounds,n.a.,-,,mass,kg,Emission,ground,,1,,,
Beryllium compounds,n.a.,-,,mass,kg,Emission,water,,1,,,
Biocides,n.a.,-,,mass,kg,Emission,ground,,1,,,
Biocides,n.a.,-,,mass,kg,Emission,water,,1,,,
"Fluorenes, C2",n.a.,-,,mass,kg,Emission,air,,1,,,
"Naphthalenes, C2",n.a.,-,,mass,kg,Emission,air,,1,,,
"Naphthalenes, C3",n.a.,-,,mass,kg,Emission,air,,1,,,
"Benzene, C4",n.a.,-,,mass,kg,Emission,air,,1,,,
"Naphthalenes, C4",n.a.,-,,mass,kg,Emission,air,,1,,,
Cadmium compounds,n.a.,-,,mass,kg,Emission,air,,1,,,
Cadmium compounds,n.a.,-,,mass,kg,Emission,ground,,1,,,
Cadmium compounds,n.a.,-,,mass,kg,Emission,water,,1,,,
"Carbamic acid, [1-[(butylamino)carbonyl]-1H-benzimidazol-2-yl]-, methyl ester and methyl 1H-benzimidazol-2-ylcarbamate, total",n.a.,-,,mass,kg,Emission,ground,,1,,,
"Carbamic acid, [1-[(butylamino)carbonyl]-1H-benzimidazol-2-yl]-, methyl ester and methyl 1H-benzimidazol-2-ylcarbamate, total",n.a.,-,,mass,kg,Emission,water,,1,,,
"Carbamic acid, salts and esters",n.a.,-,,mass,kg,Emission,ground,https://ofmpub.epa.gov/sor_internet/registry/substreg/searchandretrieve/substancesearch/search.do?details=displayDetails&selectedSubstanceId=80302,1,,,
"Carbamic acid, salts and esters",n.a.,-,,mass,kg,Emission,water,https://ofmpub.epa.gov/sor_internet/registry/substreg/searchandretrieve/substancesearch/search.do?details=displayDetails&selectedSubstanceId=80302,1,,,
Carbonodithiocarbonic acids,n.a.,-,,mass,kg,Emission,ground,,1,,,
Carbonodithiocarbonic acids,n.a.,-,,mass,kg,Emission,water,,1,,,
"Chlordane, technical, and/or chlordane metabolites",n.a.,-,,mass,kg,Emission,ground,,1,,,
"Chlordane, technical, and/or chlordane metabolites",n.a.,-,,mass,kg,Emission,water,,1,,,
"Chlorides and sulfates, total",n.a.,-,,mass,kg,Emission,ground,,1,,,
"Chlorides and sulfates, total",n.a.,-,,mass,kg,Emission,water,,1,,,
"Chlorinated dioxins and furans -- 2,3,7,8 congeners only",n.a.,-,,mass,kg,Emission,air,https://ofmpub.epa.gov/sor_internet/registry/substreg/searchandretrieve/substancesearch/search.do?details=displayDetails&selectedSubstanceId=78458,1,,,
"Chlorinated dioxins and furans -- excluding 2,3,7,8 congeners",n.a.,-,,mass,kg,Emission,air,https://ofmpub.epa.gov/sor_internet/registry/substreg/searchandretrieve/substancesearch/search.do?details=displayDetails&selectedSubstanceId=78459,1,,,
Chlorinated organic compounds,n.a.,-,,mass,kg,Emission,ground,,1,,,
Chlorinated organic compounds,n.a.,-,,mass,kg,Emission,water,,1,,,
Chlorinated paraffin,n.a.,-,,mass,kg,Emission,ground,,1,,,
Chlorinated paraffin,n.a.,-,,mass,kg,Emission,water,,1,,,
Chlorinated phenoxy acid group,n.a.,-,,mass,kg,Emission,ground,,1,,,
Chlorinated phenoxy acid group,n.a.,-,,mass,kg,Emission,water,,1,,,
Chloroform extractables,n.a.,-,,mass,kg,Emission,ground,,1,,,
Chloroform extractables,n.a.,-,,mass,kg,Emission,water,,1,,,
"Chromic acid, mixt. with sulfuric acid",n.a.,-,,mass,kg,Emission,air,https://ofmpub.epa.gov/sor_internet/registry/substreg/searchandretrieve/substancesearch/search.do?details=displayDetails&selectedSubstanceId=78456,1,,,
Chromium compounds,n.a.,-,,mass,kg,Emission,air,,1,,,
Chromium compounds,n.a.,-,,mass,kg,Emission,ground,,1,,,
Chromium compounds,n.a.,-,,mass,kg,Emission,water,,1,,,
Cobalt compounds,n.a.,-,,mass,kg,Emission,air,,1,,,
Cobalt compounds,n.a.,-,,mass,kg,Emission,ground,,1,,,
Cobalt compounds,n.a.,-,,mass,kg,Emission,water,,1,,,
Combined metals,n.a.,-,,mass,kg,Emission,ground,,1,,,
Combined metals,n.a.,-,,mass,kg,Emission,water,,1,,,
Copper compounds,n.a.,-,,mass,kg,Emission,air,,1,,,
Copper compounds,n.a.,-,,mass,kg,Emission,ground,,1,,,
Copper compounds,n.a.,-,,mass,kg,Emission,water,,1,,,
"Cyanide and thiocyanate ion [SCN(1-)], total",n.a.,-,,mass,kg,Emission,ground,,1,,,
"Cyanide and thiocyanate ion [SCN(1-)], total",n.a.,-,,mass,kg,Emission,water,,1,,,
Cyanide compounds,n.a.,-,,mass,kg,Emission,air,,1,,,
Cyanide compounds,n.a.,-,,mass,kg,Emission,ground,,1,,,
Cyanide compounds,n.a.,-,,mass,kg,Emission,water,,1,,,
Cyclonaphthenes,n.a.,-,,mass,kg,Emission,air,https://ofmpub.epa.gov/sor_internet/registry/substreg/searchandretrieve/substancesearch/search.do?details=displayDetails&selectedSubstanceId=96234,1,,,
"Cycloparaffins, C8",n.a.,-,,mass,kg,Emission,air,,1,,,
Decane isomers,n.a.,-,,mass,kg,Emission,air,,1,,,
Decyne isomers,n.a.,-,,mass,kg,Emission,air,,1,,,
"Dibenz[a,h]anthracene, mixt with dibenz[a,c]anthracene",n.a.,-,,mass,kg,Emission,air,,1,,,
Dibenzofurans,n.a.,-,,mass,kg,Emission,ground,https://ofmpub.epa.gov/sor_internet/registry/substreg/searchandretrieve/substancesearch/search.do?details=displayDetails&selectedSubstanceId=35852,1,,,
Dibenzofurans,n.a.,-,,mass,kg,Emission,water,https://ofmpub.epa.gov/sor_internet/registry/substreg/searchandretrieve/substancesearch/search.do?details=displayDetails&selectedSubstanceId=35852,1,,,
Diethylbenzene isomers,n.a.,-,,mass,kg,Emission,air,,1,,,
Diisocyanates,n.a.,-,,mass,kg,Emission,air,,1,,,
Diisocyanates,n.a.,-,,mass,kg,Emission,ground,,1,,,
Diisocyanates,n.a.,-,,mass,kg,Emission,water,,1,,,
Dioxins,n.a.,-,,mass,kg,Emission,air,https://ofmpub.epa.gov/sor_internet/registry/substreg/searchandretrieve/substancesearch/search.do?details=displayDetails&selectedSubstanceId=96405,1,,,
"Distillates, low vapor pressure volatile organic compounds",n.a.,-,,mass,kg,Emission,air,,1,,,
Dodecane isomers,n.a.,-,,mass,kg,Emission,air,,1,,,
"Endothal, salts and esters",n.a.,-,,mass,kg,Emission,ground,https://ofmpub.epa.gov/sor_internet/registry/substreg/searchandretrieve/substancesearch/search.do?details=displayDetails&selectedSubstanceId=35943,1,,,
"Endothal, salts and esters",n.a.,-,,mass,kg,Emission,water,https://ofmpub.epa.gov/sor_internet/registry/substreg/searchandretrieve/substancesearch/search.do?details=displayDetails&selectedSubstanceId=35943,1,,,
Esters,n.a.,-,,mass,kg,Emission,air,,1,,,
"Ethylenebisdithiocarbamic acid, salts and esters",n.a.,-,,mass,kg,Emission,air,https://ofmpub.epa.gov/sor_internet/registry/substreg/searchandretrieve/substancesearch/search.do?details=displayDetails&selectedSubstanceId=35868,1,,,
Extractable organic matter (EOM),n.a.,-,,mass,kg,Emission,air,,1,,,
"Furans, nitro-",n.a.,-,,mass,kg,Emission,ground,,1,,,
"Furans, nitro-",n.a.,-,,mass,kg,Emission,water,,1,,,
Glycol ethers,n.a.,-,,mass,kg,Emission,air,https://ofmpub.epa.gov/sor_internet/registry/substreg/searchandretrieve/substancesearch/search.do?details=displayDetails&selectedSubstanceId=35858,1,,,
Glycol ethers,n.a.,-,,mass,kg,Emission,ground,https://ofmpub.epa.gov/sor_internet/registry/substreg/searchandretrieve/substancesearch/search.do?details=displayDetails&selectedSubstanceId=35858,1,,,
Glycol ethers,n.a.,-,,mass,kg,Emission,water,https://ofmpub.epa.gov/sor_internet/registry/substreg/searchandretrieve/substancesearch/search.do?details=displayDetails&selectedSubstanceId=35858,1,,,
"Ethers, glycol and acetates",n.a.,-,,mass,kg,Emission,air,,1,,,
"Glycol ethers, subset",n.a.,-,,mass,kg,Emission,air,,1,,,
Glycols,n.a.,-,,mass,kg,Emission,air,,1,,,
Glycols,n.a.,-,,mass,kg,Emission,ground,,1,,,
Glycols,n.a.,-,,mass,kg,Emission,water,,1,,,
"Guanidine, dodecyl-, salts",n.a.,-,,mass,kg,Emission,ground,,1,,,
"Guanidine, dodecyl-, salts",n.a.,-,,mass,kg,Emission,water,,1,,,
"Halocarbons, purgeable",n.a.,-,,mass,kg,Emission,ground,,1,,,
"Halocarbons, purgeable",n.a.,-,,mass,kg,Emission,water,,1,,,
Halogenated organics,n.a.,-,,mass,kg,Emission,ground,,1,,,
Halogenated organics,n.a.,-,,mass,kg,Emission,water,,1,,,
"Halogens, total",n.a.,-,,mass,kg,Emission,ground,,1,,,
"Halogens, total",n.a.,-,,mass,kg,Emission,water,,1,,,
"Halomethanes, total",n.a.,-,,mass,kg,Emission,ground,,1,,,
"Halomethanes, total",n.a.,-,,mass,kg,Emission,water,,1,,,
Herbicides,n.a.,-,,mass,kg,Emission,ground,,1,,,
Herbicides,n.a.,-,,mass,kg,Emission,water,,1,,,
"Hydrazines, total",n.a.,-,,mass,kg,Emission,ground,,1,,,
"Hydrazines, total",n.a.,-,,mass,kg,Emission,water,,1,,,
"Hydrocarbons, propellants",n.a.,-,,mass,kg,Emission,air,,1,,,
"Hydrocarbons, carbon tetrachloride extractable",n.a.,-,,mass,kg,Emission,ground,,1,,,
"Hydrocarbons, carbon tetrachloride extractable",n.a.,-,,mass,kg,Emission,water,,1,,,
"Hydrocarbons, chlorinated",n.a.,-,,mass,kg,Emission,ground,,1,,,
"Hydrocarbons, chlorinated",n.a.,-,,mass,kg,Emission,water,,1,,,
"Hydrocarbons, halogenated",n.a.,-,,mass,kg,Emission,ground,,1,,,
"Hydrocarbons, halogenated",n.a.,-,,mass,kg,Emission,water,,1,,,
"Hydrocarbons, nitrated",n.a.,-,,mass,kg,Emission,ground,,1,,,
"Hydrocarbons, nitrated",n.a.,-,,mass,kg,Emission,water,,1,,,
"Hydrocarbons, petroleum",n.a.,-,,mass,kg,Emission,ground,,1,,,
"Hydrocarbons, petroleum",n.a.,-,,mass,kg,Emission,water,,1,,,
"Hydrocarbons, purgeable",n.a.,-,,mass,kg,Emission,ground,,1,,,
"Hydrocarbons, purgeable",n.a.,-,,mass,kg,Emission,water,,1,,,
"Hydrocarbons, volatile",n.a.,-,,mass,kg,Emission,ground,,1,,,
"Hydrocarbons, volatile",n.a.,-,,mass,kg,Emission,water,,1,,,
Hydrochlorofluorocarbons,n.a.,-,,mass,kg,Emission,air,,1,,,
Hydrochlorofluorocarbons,n.a.,-,,mass,kg,Emission,ground,,1,,,
Hydrochlorofluorocarbons,n.a.,-,,mass,kg,Emission,water,,1,,,
Hydrofluorocarbons,n.a.,-,,mass,kg,Emission,air,,1,,,
IMCO Lube 106,n.a.,-,,mass,kg,Emission,ground,,1,,,
IMCO Lube 106,n.a.,-,,mass,kg,Emission,water,,1,,,
IMCO Lubrikleen,n.a.,-,,mass,kg,Emission,ground,,1,,,
IMCO Lubrikleen,n.a.,-,,mass,kg,Emission,water,,1,,,
"IMCO Nos. 1,2,3,6",n.a.,-,,mass,kg,Emission,ground,,1,,,
"IMCO Nos. 1,2,3,6",n.a.,-,,mass,kg,Emission,water,,1,,,
"IMCO Nos. 4,5",n.a.,-,,mass,kg,Emission,ground,,1,,,
"IMCO Nos. 4,5",n.a.,-,,mass,kg,Emission,water,,1,,,
IMCO Phos,n.a.,-,,mass,kg,Emission,ground,,1,,,
IMCO Phos,n.a.,-,,mass,kg,Emission,water,,1,,,
"Nitrogen, inorganic",n.a.,-,,mass,kg,Emission,ground,https://ofmpub.epa.gov/sor_internet/registry/substreg/searchandretrieve/substancesearch/search.do?details=displayDetails&selectedSubstanceId=35904,1,,,
"Nitrogen, inorganic",n.a.,-,,mass,kg,Emission,water,https://ofmpub.epa.gov/sor_internet/registry/substreg/searchandretrieve/substancesearch/search.do?details=displayDetails&selectedSubstanceId=35904,1,,,
Iron mixt. with manganese,n.a.,-,,mass,kg,Emission,ground,https://ofmpub.epa.gov/sor_internet/registry/substreg/searchandretrieve/substancesearch/search.do?details=displayDetails&selectedSubstanceId=80294,1,,,
Iron mixt. with manganese,n.a.,-,,mass,kg,Emission,water,https://ofmpub.epa.gov/sor_internet/registry/substreg/searchandretrieve/substancesearch/search.do?details=displayDetails&selectedSubstanceId=80294,1,,,
Lead compounds,n.a.,-,,mass,kg,Emission,air,,1,,,
Lead compounds,n.a.,-,,mass,kg,Emission,ground,,1,,,
Lead compounds,n.a.,-,,mass,kg,Emission,water,,1,,,
"Lead compounds, organic",n.a.,-,,mass,kg,Emission,air,https://ofmpub.epa.gov/sor_internet/registry/substreg/searchandretrieve/substancesearch/search.do?details=displayDetails&selectedSubstanceId=96402,1,,,
"Lead compounds, inorganic",n.a.,-,,mass,kg,Emission,air,,1,,,
Macrotrol 9210,n.a.,-,,mass,kg,Emission,ground,,1,,,
Macrotrol 9210,n.a.,-,,mass,kg,Emission,water,,1,,,
Manganese compounds,n.a.,-,,mass,kg,Emission,air,,1,,,
Manganese compounds,n.a.,-,,mass,kg,Emission,ground,,1,,,
Manganese compounds,n.a.,-,,mass,kg,Emission,water,,1,,,
Mercaptans,n.a.,-,,mass,kg,Emission,ground,,1,,,
Mercaptans,n.a.,-,,mass,kg,Emission,water,,1,,,
Mercury compounds,n.a.,-,,mass,kg,Emission,air,,1,,,
Mercury compounds,n.a.,-,,mass,kg,Emission,ground,,1,,,
Mercury compounds,n.a.,-,,mass,kg,Emission,water,,1,,,
Metals,n.a.,-,,mass,kg,Emission,ground,,1,,,
Metals,n.a.,-,,mass,kg,Emission,water,,1,,,
"Methanes, chlorinated",n.a.,-,,mass,kg,Emission,ground,,1,,,
"Methanes, chlorinated",n.a.,-,,mass,kg,Emission,water,,1,,,
"Organics, methylene chloride soluble",n.a.,-,,mass,kg,Emission,air,,1,,,
Nickel compounds,n.a.,-,,mass,kg,Emission,air,,1,,,
Nickel compounds,n.a.,-,,mass,kg,Emission,ground,,1,,,
Nickel compounds,n.a.,-,,mass,kg,Emission,water,,1,,,
Nitrate compounds,n.a.,-,,mass,kg,Emission,air,,1,,,
Nitrate compounds,n.a.,-,,mass,kg,Emission,ground,,1,,,
Nitrate compounds,n.a.,-,,mass,kg,Emission,water,,1,,,
"N-Nitroso compounds, volatile",n.a.,-,,mass,kg,Emission,ground,,1,,,
"N-Nitroso compounds, volatile",n.a.,-,,mass,kg,Emission,water,,1,,,
Organic active ingredients,n.a.,-,,mass,kg,Emission,ground,,1,,,
Organic active ingredients,n.a.,-,,mass,kg,Emission,water,,1,,,
Organic amines,n.a.,-,,mass,kg,Emission,ground,,1,,,
Organic amines,n.a.,-,,mass,kg,Emission,water,,1,,,
Organic carbon,n.a.,-,,mass,kg,Emission,air,https://ofmpub.epa.gov/sor_internet/registry/substreg/searchandretrieve/substancesearch/search.do?details=displayDetails&selectedSubstanceId=35872,1,,,
Organic carbon,n.a.,-,,mass,kg,Emission,ground,https://ofmpub.epa.gov/sor_internet/registry/substreg/searchandretrieve/substancesearch/search.do?details=displayDetails&selectedSubstanceId=35872,1,,,
Organic carbon,n.a.,-,,mass,kg,Emission,water,https://ofmpub.epa.gov/sor_internet/registry/substreg/searchandretrieve/substancesearch/search.do?details=displayDetails&selectedSubstanceId=35872,1,,,
Organic compounds,n.a.,-,,mass,kg,Emission,ground,,1,,,
Organic compounds,n.a.,-,,mass,kg,Emission,water,,1,,,
"Organic halides, total",n.a.,-,,mass,kg,Emission,ground,,1,,,
"Organic halides, total",n.a.,-,,mass,kg,Emission,water,,1,,,
Organic ingredients,n.a.,-,,mass,kg,Emission,air,,1,,,
"Organics, purgeables",n.a.,-,,mass,kg,Emission,ground,,1,,,
"Organics, purgeables",n.a.,-,,mass,kg,Emission,water,,1,,,
Oxygenated compounds,n.a.,-,,mass,kg,Emission,air,,1,,,
"PAH/POM, unspecified",n.a.,-,,mass,kg,Emission,air,,1,,,
"Panthalium, total",n.a.,-,,mass,kg,Emission,ground,,1,,,
"Panthalium, total",n.a.,-,,mass,kg,Emission,water,,1,,,
"Paraffin, C10",n.a.,-,,mass,kg,Emission,air,,1,,,
"Paraffin, C11",n.a.,-,,mass,kg,Emission,air,,1,,,
"Paraffin, C12",n.a.,-,,mass,kg,Emission,air,,1,,,
"Paraffin, C13",n.a.,-,,mass,kg,Emission,air,,1,,,
"Paraffin, C7",n.a.,-,,mass,kg,Emission,air,,1,,,
"Paraffin, C8",n.a.,-,,mass,kg,Emission,air,,1,,,
"Paraffin, C9",n.a.,-,,mass,kg,Emission,air,,1,,,
"Pentane, perfluoro-, mixt with perfluorohexane",n.a.,-,,mass,kg,Emission,air,,1,,,
Pesticides,n.a.,-,,mass,kg,Emission,ground,,1,,,
Pesticides,n.a.,-,,mass,kg,Emission,water,,1,,,
"Pesticides, chlorinated",n.a.,-,,mass,kg,Emission,ground,,1,,,
"Pesticides, chlorinated",n.a.,-,,mass,kg,Emission,water,,1,,,
"Pesticides, organic, total",n.a.,-,,mass,kg,Emission,ground,,1,,,
"Pesticides, organic, total",n.a.,-,,mass,kg,Emission,water,,1,,,
"Pesticides, organochlorinated and polychlorinated biphenyls, total",n.a.,-,,mass,kg,Emission,ground,,1,,,
"Pesticides, organochlorinated and polychlorinated biphenyls, total",n.a.,-,,mass,kg,Emission,water,,1,,,
Phenols,n.a.,-,,mass,kg,Emission,ground,https://ofmpub.epa.gov/sor_internet/registry/substreg/searchandretrieve/substancesearch/search.do?details=displayDetails&selectedSubstanceId=35995,1,,,
Phenols,n.a.,-,,mass,kg,Emission,water,https://ofmpub.epa.gov/sor_internet/registry/substreg/searchandretrieve/substancesearch/search.do?details=displayDetails&selectedSubstanceId=35995,1,,,
"Pesticides, phosphated",n.a.,-,,mass,kg,Emission,ground,,1,,,
"Pesticides, phosphated",n.a.,-,,mass,kg,Emission,water,,1,,,
"Esters, Phthalate",n.a.,-,,mass,kg,Emission,ground,https://ofmpub.epa.gov/sor_internet/registry/substreg/searchandretrieve/substancesearch/search.do?details=displayDetails&selectedSubstanceId=35834,1,,,
"Esters, Phthalate",n.a.,-,,mass,kg,Emission,water,https://ofmpub.epa.gov/sor_internet/registry/substreg/searchandretrieve/substancesearch/search.do?details=displayDetails&selectedSubstanceId=35834,1,,,
"Biphenyls, polybrominated",n.a.,-,,mass,kg,Emission,ground,https://ofmpub.epa.gov/sor_internet/registry/substreg/searchandretrieve/substancesearch/search.do?details=displayDetails&selectedSubstanceId=83728,1,,,
"Biphenyls, polybrominated",n.a.,-,,mass,kg,Emission,water,https://ofmpub.epa.gov/sor_internet/registry/substreg/searchandretrieve/substancesearch/search.do?details=displayDetails&selectedSubstanceId=83728,1,,,
"Ethers, polybrominated diphenyl",n.a.,-,,mass,kg,Emission,ground,,1,,,
"Ethers, polybrominated diphenyl",n.a.,-,,mass,kg,Emission,water,,1,,,
Polycyclic aromatic compounds,n.a.,-,,mass,kg,Emission,air,,1,,,
Polycyclic aromatic compounds,n.a.,-,,mass,kg,Emission,ground,,1,,,
Polycyclic aromatic compounds,n.a.,-,,mass,kg,Emission,water,,1,,,
"Polycyclic aromatic hydrocarbons, PAH15",n.a.,-,,mass,kg,Emission,air,https://ofmpub.epa.gov/sor_internet/registry/substreg/searchandretrieve/substancesearch/search.do?details=displayDetails&selectedSubstanceId=78457,1,,,
"Polycyclic aromatic hydrocarbons, PAH16",n.a.,-,,mass,kg,Emission,air,https://ofmpub.epa.gov/sor_internet/registry/substreg/searchandretrieve/substancesearch/search.do?details=displayDetails&selectedSubstanceId=6012,1,,,
"Polycyclic aromatic hydrocarbons, PAH7",n.a.,-,,mass,kg,Emission,air,https://ofmpub.epa.gov/sor_internet/registry/substreg/searchandretrieve/substancesearch/search.do?details=displayDetails&selectedSubstanceId=6011,1,,,
Polycyclic organic matter,n.a.,-,,mass,kg,Emission,air,https://ofmpub.epa.gov/sor_internet/registry/substreg/searchandretrieve/substancesearch/search.do?details=displayDetails&selectedSubstanceId=35886,1,,,
Priority pollutants,n.a.,-,,mass,kg,Emission,ground,,1,,,
Priority pollutants,n.a.,-,,mass,kg,Emission,water,,1,,,
"Priority pollutants, acidic",n.a.,-,,mass,kg,Emission,ground,,1,,,
"Priority pollutants, acidic",n.a.,-,,mass,kg,Emission,water,,1,,,
"Priority pollutants, basic or neutral",n.a.,-,,mass,kg,Emission,ground,,1,,,
"Priority pollutants, basic or neutral",n.a.,-,,mass,kg,Emission,water,,1,,,
"Ammonium compounds, quarternary",n.a.,-,,mass,kg,Emission,ground,,1,,,
"Ammonium compounds, quarternary",n.a.,-,,mass,kg,Emission,water,,1,,,
"Rare earth metals, total",n.a.,-,,mass,kg,Emission,ground,,1,,,
"Rare earth metals, total",n.a.,-,,mass,kg,Emission,water,,1,,,
"RDX, mixt. with HMX",n.a.,-,,mass,kg,Emission,ground,https://ofmpub.epa.gov/sor_internet/registry/substreg/searchandretrieve/substancesearch/search.do?details=displayDetails&selectedSubstanceId=78764,1,,,
"RDX, mixt. with HMX",n.a.,-,,mass,kg,Emission,water,https://ofmpub.epa.gov/sor_internet/registry/substreg/searchandretrieve/substancesearch/search.do?details=displayDetails&selectedSubstanceId=78764,1,,,
Resin acids,n.a.,-,,mass,kg,Emission,ground,https://ofmpub.epa.gov/sor_internet/registry/substreg/searchandretrieve/substancesearch/search.do?details=displayDetails&selectedSubstanceId=80310,1,,,
Resin acids,n.a.,-,,mass,kg,Emission,water,https://ofmpub.epa.gov/sor_internet/registry/substreg/searchandretrieve/substancesearch/search.do?details=displayDetails&selectedSubstanceId=80310,1,,,
Selenium compounds,n.a.,-,,mass,kg,Emission,air,,1,,,
Selenium compounds,n.a.,-,,mass,kg,Emission,ground,,1,,,
Selenium compounds,n.a.,-,,mass,kg,Emission,water,,1,,,
Silanes,n.a.,-,,mass,kg,Emission,air,,1,,,
"Siloxanes, methyl-, volatile",n.a.,-,,mass,kg,Emission,air,,1,,,
Silver compounds,n.a.,-,,mass,kg,Emission,air,,1,,,
Silver compounds,n.a.,-,,mass,kg,Emission,ground,,1,,,
Silver compounds,n.a.,-,,mass,kg,Emission,water,,1,,,
Sulfide mixt. with hydrogen sulfide,n.a.,-,,mass,kg,Emission,ground,,1,,,
Sulfide mixt. with hydrogen sulfide,n.a.,-,,mass,kg,Emission,water,,1,,,
Surfactants,n.a.,-,,mass,kg,Emission,ground,,1,,,
Surfactants,n.a.,-,,mass,kg,Emission,water,,1,,,
"Suspended solids, inorganic",n.a.,-,,mass,kg,Emission,ground,,1,,,
"Suspended solids, inorganic",n.a.,-,,mass,kg,Emission,water,,1,,,
"Tannins and lignen, total",n.a.,-,,mass,kg,Emission,ground,,1,,,
"Tannins and lignen, total",n.a.,-,,mass,kg,Emission,water,,1,,,
Thallium compounds,n.a.,-,,mass,kg,Emission,air,,1,,,
Thallium compounds,n.a.,-,,mass,kg,Emission,ground,,1,,,
Thallium compounds,n.a.,-,,mass,kg,Emission,water,,1,,,
"Thiocarbamic acid, salts and esters",n.a.,-,,mass,kg,Emission,ground,https://ofmpub.epa.gov/sor_internet/registry/substreg/searchandretrieve/substancesearch/search.do?details=displayDetails&selectedSubstanceId=80307,1,,,
"Thiocarbamic acid, salts and esters",n.a.,-,,mass,kg,Emission,water,https://ofmpub.epa.gov/sor_internet/registry/substreg/searchandretrieve/substancesearch/search.do?details=displayDetails&selectedSubstanceId=80307,1,,,
Total carbon,n.a.,-,,mass,kg,Emission,ground,https://ofmpub.epa.gov/sor_internet/registry/substreg/searchandretrieve/substancesearch/search.do?details=displayDetails&selectedSubstanceId=98758,1,,,
Total carbon,n.a.,-,,mass,kg,Emission,water,https://ofmpub.epa.gov/sor_internet/registry/substreg/searchandretrieve/substancesearch/search.do?details=displayDetails&selectedSubstanceId=98758,1,,,
Total metals,n.a.,-,,mass,kg,Emission,ground,,1,,,
Total metals,n.a.,-,,mass,kg,Emission,water,,1,,,
"Total oil and grease, less total petroleum hydrocarbons (TPH)",n.a.,-,,mass,kg,Emission,ground,,1,,,
"Total oil and grease, less total petroleum hydrocarbons (TPH)",n.a.,-,,mass,kg,Emission,water,,1,,,
"Total organic gases, acetates and esters",n.a.,-,,mass,kg,Emission,air,,1,,,
"Total organic gases, alkyd, acrylic and related resins",n.a.,-,,mass,kg,Emission,air,,1,,,
"Total organic gases, asphalt mixtures",n.a.,-,,mass,kg,Emission,air,,1,,,
"Total organic gases, copolymers, surfactants, resins",n.a.,-,,mass,kg,Emission,air,,1,,,
"Total organic gases, hydrocarbon resins",n.a.,-,,mass,kg,Emission,air,,1,,,
"Total organic gases, linseed, tung, soy, and other oils",n.a.,-,,mass,kg,Emission,air,,1,,,
"Total organic gases, styrene-containing material",n.a.,-,,mass,kg,Emission,air,,1,,,
"Total organic gases, urethane-containing material",n.a.,-,,mass,kg,Emission,air,,1,,,
"Total organic gases, vinyl/acrylic and other copolymers",n.a.,-,,mass,kg,Emission,air,,1,,,
Total petroleum hydrocarbon -diesel,n.a.,-,,mass,kg,Emission,ground,https://ofmpub.epa.gov/sor_internet/registry/substreg/searchandretrieve/substancesearch/search.do?details=displayDetails&selectedSubstanceId=97464,1,,,
Total petroleum hydrocarbon -diesel,n.a.,-,,mass,kg,Emission,water,https://ofmpub.epa.gov/sor_internet/registry/substreg/searchandretrieve/substancesearch/search.do?details=displayDetails&selectedSubstanceId=97464,1,,,
Total petroleum hydrocarbon -gasoline,n.a.,-,,mass,kg,Emission,ground,https://ofmpub.epa.gov/sor_internet/registry/substreg/searchandretrieve/substancesearch/search.do?details=displayDetails&selectedSubstanceId=97463,1,,,
Total petroleum hydrocarbon -gasoline,n.a.,-,,mass,kg,Emission,water,https://ofmpub.epa.gov/sor_internet/registry/substreg/searchandretrieve/substancesearch/search.do?details=displayDetails&selectedSubstanceId=97463,1,,,
Total toxic organics,n.a.,-,,mass,kg,Emission,ground,,1,,,
Total toxic organics,n.a.,-,,mass,kg,Emission,water,,1,,,
Tridecane isomers,n.a.,-,,mass,kg,Emission,air,,1,,,
"Trihalomethanes (four), total",n.a.,-,,mass,kg,Emission,ground,,1,,,
"Trihalomethanes (four), total",n.a.,-,,mass,kg,Emission,water,,1,,,
Triorganostannate,n.a.,-,,mass,kg,Emission,ground,,1,,,
Triorganostannate,n.a.,-,,mass,kg,Emission,water,,1,,,
Undecane isomers,n.a.,-,,mass,kg,Emission,air,,1,,,
Undecyne isomers,n.a.,-,,mass,kg,Emission,air,,1,,,
Vanadium compounds,n.a.,-,,mass,kg,Emission,air,,1,,,
Vanadium compounds,n.a.,-,,mass,kg,Emission,ground,,1,,,
Vanadium compounds,n.a.,-,,mass,kg,Emission,water,,1,,,
Volatile halogenated hydrocarbons,n.a.,-,,mass,kg,Emission,ground,,1,,,
Volatile halogenated hydrocarbons,n.a.,-,,mass,kg,Emission,water,,1,,,
Volatile halogenated organics (VHO),n.a.,-,,mass,kg,Emission,ground,,1,,,
Volatile halogenated organics (VHO),n.a.,-,,mass,kg,Emission,water,,1,,,
VOC ingredients,n.a.,-,,mass,kg,Emission,air,,1,,,
VOC ingredients,n.a.,-,,mass,kg,Emission,ground,,1,,,
VOC ingredients,n.a.,-,,mass,kg,Emission,water,,1,,,
Volatile pollutants,n.a.,-,,mass,kg,Emission,ground,,1,,,
Volatile pollutants,n.a.,-,,mass,kg,Emission,water,,1,,,
Warfarin and salts,n.a.,-,,mass,kg,Emission,air,https://ofmpub.epa.gov/sor_internet/registry/substreg/searchandretrieve/substancesearch/search.do?details=displayDetails&selectedSubstanceId=35888,1,,,
Zinc compounds,n.a.,-,,mass,kg,Emission,air,,1,,,
Zinc compounds,n.a.,-,,mass,kg,Emission,ground,,1,,,
Zinc compounds,n.a.,-,,mass,kg,Emission,water,,1,,,
"2,4-D, salts and esters",n.a.,,,mass,kg,Emission,air,https://ofmpub.epa.gov/sor_internet/registry/substreg/searchandretrieve/substancesearch/search.do?details=displayDetails&selectedSubstanceId=35853,1,,,
"2,4-D, salts and esters",n.a.,,,mass,kg,Emission,ground,https://ofmpub.epa.gov/sor_internet/registry/substreg/searchandretrieve/substancesearch/search.do?details=displayDetails&selectedSubstanceId=35853,1,,,
"2,4-D, salts and esters",n.a.,,,mass,kg,Emission,water,https://ofmpub.epa.gov/sor_internet/registry/substreg/searchandretrieve/substancesearch/search.do?details=displayDetails&selectedSubstanceId=35853,1,,,
"Acids, volatile",n.a.,,,mass,kg,Emission,ground,,1,,,
"Acids, volatile",n.a.,,,mass,kg,Emission,water,,1,,,
"Aldehydes, C5",n.a.,,,mass,kg,Emission,air,,1,,,
"Aldehydes, C6",n.a.,,,mass,kg,Emission,air,,1,,,
"Alkenes, C10 internal-",n.a.,,,mass,kg,Emission,air,,1,,,
"Alkenes, C11 internal-",n.a.,,,mass,kg,Emission,air,,1,,,
"Alkenes, C12 internal-",n.a.,,,mass,kg,Emission,air,,1,,,
"Aromatics, C10",n.a.,,,mass,kg,Emission,air,,1,,,
"Aromatics, C11",n.a.,,,mass,kg,Emission,air,,1,,,
"Aromatics, C12",n.a.,,,mass,kg,Emission,air,,1,,,
"Aromatics, C9",n.a.,,,mass,kg,Emission,air,,1,,,
"Aromatics, purgeable",n.a.,,,mass,kg,Emission,ground,,1,,,
"Aromatics, purgeable",n.a.,,,mass,kg,Emission,water,,1,,,
"Aromatics, substituted",n.a.,,,mass,kg,Emission,ground,,1,,,
"Aromatics, substituted",n.a.,,,mass,kg,Emission,water,,1,,,
"Benzene, dialkyl derivs. C11",n.a.,,,mass,kg,Emission,air,,1,,,
"Benzene, dialkyl derivs. C12",n.a.,,,mass,kg,Emission,air,,1,,,
Butylbenzene isomers,n.a.,,,mass,kg,Emission,air,,1,,,
Halogen,n.a.,,,mass,kg,Emission,ground,,1,,,
Halogen,n.a.,,,mass,kg,Emission,water,,1,,,
"Phenol, alkyl derivs. C10",n.a.,,,mass,kg,Emission,air,,1,,,
"Phenol, alkyl derivs. C11",n.a.,,,mass,kg,Emission,air,,1,,,
"Triaryl esters, phosphoric acid",n.a.,,,mass,kg,Emission,ground,,1,,,
"Triaryl esters, phosphoric acid",n.a.,,,mass,kg,Emission,water,,1,,,
"Propanoic acid, 2-(2,4,5-trichlorophenoxy)-, salts and esters",n.a.,,,mass,kg,Emission,ground,,1,,,
"Propanoic acid, 2-(2,4,5-trichlorophenoxy)-, salts and esters",n.a.,,,mass,kg,Emission,water,,1,,,
Radionuclides,n.a.,,,mass,kg,Emission,air,https://ofmpub.epa.gov/sor_internet/registry/substreg/searchandretrieve/substancesearch/search.do?details=displayDetails&selectedSubstanceId=35890,1,,,
Radium-226 and/or radium-228,n.a.,,,mass,kg,Emission,ground,https://ofmpub.epa.gov/sor_internet/registry/substreg/searchandretrieve/substancesearch/search.do?details=displayDetails&selectedSubstanceId=35915,1,,,
Radium-226 and/or radium-228,n.a.,,,mass,kg,Emission,water,https://ofmpub.epa.gov/sor_internet/registry/substreg/searchandretrieve/substancesearch/search.do?details=displayDetails&selectedSubstanceId=35915,1,,,
"Strychnidin-10-one, and salts",n.a.,,,mass,kg,Emission,air,,1,,,
Sulfur oxides,n.a.,,,mass,kg,Emission,air,,1,,,
Particulate matter - PM10,n.a.,,,mass,kg,Emission,air,,1,,,
Particulate matter - PM2.5,n.a.,,,mass,kg,Emission,air,,1,,,
Phosphorus compounds,n.a.,-,,mass,kg,Emission,air,,1,,,
Micas,12001-26-2,-,,mass,kg,Emission,ground,DTXSID3049671,1,,,
Micas,12001-26-2,-,,mass,kg,Emission,water,DTXSID3049671,1,,,
Amphiboles,1318-09-8,-,,mass,kg,Emission,ground,DTXSID70873869,1,,,
Amphiboles,1318-09-8,-,,mass,kg,Emission,water,DTXSID70873869,1,,,
Asbestos,1332-21-4,-,,mass,kg,Emission,air,DTXSID4023888,1,,,
Asbestos,1332-21-4,-,,mass,kg,Emission,ground,DTXSID4023888,1,,,
Asbestos,1332-21-4,-,,mass,kg,Emission,water,DTXSID4023888,1,,,
Nicotine and salts,n.a.,-,,mass,kg,Emission,air,,1,,,
Nicotine and salts,n.a.,-,,mass,kg,Emission,ground,,1,,,
Nicotine and salts,n.a.,-,,mass,kg,Emission,water,,1,,,
Chlorinated phenols,1336-35-2,-,,mass,kg,Emission,air,https://ofmpub.epa.gov/sor_internet/registry/substreg/searchandretrieve/substancesearch/search.do?details=displayDetails&selectedSubstanceId=82789,1,,,
Chlorinated phenols,1336-35-2,-,,mass,kg,Emission,ground,https://ofmpub.epa.gov/sor_internet/registry/substreg/searchandretrieve/substancesearch/search.do?details=displayDetails&selectedSubstanceId=82789,1,,,
Chlorinated phenols,1336-35-2,-,,mass,kg,Emission,water,https://ofmpub.epa.gov/sor_internet/registry/substreg/searchandretrieve/substancesearch/search.do?details=displayDetails&selectedSubstanceId=82789,1,,,
,,,,,,,,,,,,
,,,,,,,,,,,,
,,,,,,,,,,,,
,,,,,,,,,,,,
,,,,,,,,,,,,
,,,,,,,,,,,,
,,,,,,,,,,,,
,,,,,,,,,,,,
,,,,,,,,,,,,
,,,,,,,,,,,,
,,,,,,,,,,,,
,,,,,,,,,,,,
,,,,,,,,,,,,
,,,,,,,,,,,,
,,,,,,,,,,,,
,,,,,,,,,,,,
,,,,,,,,,,,,
,,,,,,,,,,,,
